poi_type,,dimenc_centres,dimenc_centres,dimenc_centres,dimenc_centres,dimenc_centres,dimenc_centres,dimenc_centres,dimenc_centres,dimenc_centres,dimenc_centres,dimenc_centres,dimenc_centres,dimenc_usines,dimenc_centres,dimenc_centres,dimenc_centres,dimenc_centres,dimenc_centres,dimenc_centres,dimenc_centres,dimenc_centres,dimenc_centres,dimenc_centres,dimenc_centres,dimenc_centres,dimenc_centres,dimenc_centres,dimenc_centres,dimenc_centres,dimenc_centres,dimenc_centres,dimenc_centres,dimenc_centres,dimenc_centres,dimenc_centres,dimenc_centres,dimenc_centres,dimenc_centres,dimenc_centres,dimenc_centres,dimenc_centres,dimenc_usines,dimenc_usines
poi_id,,1,2,3,4,5,6,7,8,9,10,11,12,1,13,14,15,16,17,18,19,20,21,22,23,24,25,26,27,28,29,30,31,32,33,34,35,36,37,38,39,40,2,3
poi_name,,Nickel Mining Company - OUALA CARRIERE C,Nickel Mining Company - BOGOTA SUIVANTE-BIENVENUE,Nickel Mining Company - CLAUDE ET PHILOMENE,Maï Kouaoua Mines - GRAZIELLA,Nickel Mining Company - KOUE,Société des Mines de la Tontouta - MICHEL 37,Société des Mines de la Tontouta - TUNNEY,Société des Mines de la Tontouta - NAKETY PLATEAU,Nickel Mining Company - PB2 carrière basse,Société le Nickel - VERSE RACHEL,Société le Nickel - POUM,Société le Nickel - TIEBAGHI,KNS - Koniambo,Société le Nickel - ETOILE DU NORD,Nickel Mining Company - OUACO OUAZANGOU,Nickel Mining Company - OUACO TAOM,Société le Nickel - KOPETO,Nickel Mining Company - PINPIN 1B,Société des Mines de la Tontouta - CAP BOCAGE,Société le Nickel - PORO FRANCAISE,Nickel Mining Company - ALICE-PHILIPPE,Société le Nickel - KOUAOUA MEA-KIEL-DOUMA,Société des Mines de la Tontouta - BOGOTA EARLY DOWN-NIGL,Nickel Mining Company - NAKETY EDOUARD-EUREKA-CIRCEE,Société le Nickel - THIO PLATEAU,Société le Nickel - THIO CAMP DES SAPINS,Société minière Georges Montagnat - TOMO-SMMO 43,Société le Nickel - OPOUE,Société minière Georges Montagnat - VULCAIN,Maï Kouaoua Mines - ADA,Société des Mines de la Tontouta - MICHEL 38,Société le Nickel - BOUALOUDJELIMA,Société minière Georges Montagnat - OUINNE,Société le Nickel - DOTHIO,Société le Nickel - PINPIN 1A,Société des Mines de la Tontouta - NAKETY LUCIENNE,Société le Nickel - PORO BONINI,Vale Nouvelle-Calédonie - GORO,Koniambo Nickel SAS - KONIAMBO,Nickel Mining Company - KADJITRA,Société le Nickel - STAMBOUL,VALE NC - Goro,SLN - Doniambo
iris_code,iris_libelle,,,,,,,,,,,,,,,,,,,,,,,,,,,,,,,,,,,,,,,,,,,
101,Bélep,N/A,N/A,N/A,N/A,N/A,N/A,N/A,N/A,N/A,N/A,N/A,N/A,N/A,N/A,N/A,N/A,N/A,N/A,N/A,N/A,N/A,N/A,N/A,N/A,N/A,N/A,N/A,N/A,N/A,N/A,N/A,N/A,N/A,N/A,N/A,N/A,N/A,N/A,N/A,N/A,N/A,N/A,N/A
201,Boulouparis village,188.45,89.94,122.26,105.39,192.77,217.01,200.5,77.34,115.47,133.24,240.8,222.92,153.9,214.24,192.51,204.2,141.06,113.3,143.19,113.98,93.53,86.93,91.69,79.24,56.52,69.76,51.73,48.06,66.71,109.79,203.33,198.21,N/A,68.3,109.86,97.1,106.71,154.87,171.67,97.41,92.1,149.45,72.3
204,Tomo-Ouinané,221.06,105.66,154.87,132.44,225.38,249.62,233.11,93.07,142.52,165.85,273.41,255.53,186.51,246.85,225.12,236.81,173.67,145.91,167.37,138.16,117.71,111.11,107.41,94.96,72.25,85.49,78.78,75.12,93.77,136.84,235.94,230.82,N/A,84.02,142.47,112.83,130.89,181.93,204.28,121.59,116.28,176.51,99.36
205,Nassirah,194.57,92.23,128.38,109.05,198.89,223.13,206.62,79.64,119.13,139.36,246.92,229.04,160.01,220.36,198.63,210.32,147.18,119.42,149.31,120.1,99.64,93.05,93.98,81.53,58.82,72.05,55.39,51.73,70.38,113.45,209.44,204.33,N/A,70.59,115.98,99.4,112.83,158.54,177.78,103.53,98.21,153.12,75.97
301,Bourail village,123.75,92.81,57.56,146.5,128.07,152.31,135.79,104.38,156.58,68.54,176.1,158.22,89.19,149.54,127.8,139.5,76.36,48.6,79.33,69.89,84.68,84.14,94.56,100.5,96.26,109.5,92.84,89.17,107.82,150.9,138.62,133.51,N/A,108.03,45.16,103.55,70.14,195.98,106.96,92.56,88.56,190.56,113.41
302,Poé Nessadiou,142.7,98.69,76.51,152.37,147.02,171.26,154.75,110.26,162.45,87.49,195.05,177.17,108.15,168.49,146.76,158.45,95.31,67.55,98.29,88.85,96.61,90.01,100.44,106.38,102.14,115.37,98.71,95.05,113.7,156.77,157.58,152.47,N/A,113.91,64.12,109.43,89.1,201.86,125.92,100.5,95.18,196.44,119.29
303,Domaine Deva Le Cap,137.37,118.04,71.19,171.72,141.7,165.94,149.42,129.61,181.8,82.17,189.73,171.85,102.82,163.17,141.43,153.13,89.99,62.23,108.61,99.17,112.78,109.36,119.79,125.73,121.49,134.72,118.06,114.4,133.05,176.12,152.25,147.14,N/A,133.26,58.79,128.78,99.42,221.21,120.59,116.66,111.35,215.79,138.64
304,Nandaï Boghen,144.9,112.55,78.72,166.24,149.23,173.47,156.95,124.12,176.31,89.7,197.26,179.38,110.35,170.7,148.96,160.66,97.52,69.76,96.82,87.38,98.05,103.87,114.3,120.24,116.0,129.24,112.57,108.91,127.56,170.63,159.78,154.67,N/A,127.77,66.32,123.29,87.63,215.72,128.12,105.93,103.46,210.3,133.15
305,Ny,136.08,112.34,69.9,166.02,140.41,164.65,148.13,123.91,176.1,80.88,188.43,170.55,101.53,161.88,140.14,151.83,88.7,60.94,76.08,66.64,81.49,99.03,114.09,120.03,115.79,129.02,112.36,108.7,127.35,170.42,150.96,145.85,N/A,127.56,57.5,123.08,66.89,215.51,119.3,89.37,86.89,210.09,132.94
401,Canala village,193.74,38.3,127.56,154.52,198.06,222.3,205.79,49.87,164.6,138.54,246.09,228.21,159.19,219.54,197.8,209.49,146.36,118.6,102.3,73.08,52.63,46.03,40.05,45.99,67.07,92.71,100.86,97.2,115.85,158.92,208.62,203.51,N/A,62.34,115.16,49.04,65.82,204.01,176.96,56.51,51.2,198.59,121.44
403,Gélima - Kuiné - Mia - Nakéty,201.69,19.55,135.5,153.13,206.01,230.25,213.73,31.12,163.21,146.48,254.04,236.16,167.13,227.48,205.74,217.44,154.3,126.54,110.24,81.03,60.57,53.97,21.3,27.24,48.32,73.96,99.47,95.81,114.46,157.53,216.56,211.45,N/A,43.59,123.1,30.29,73.76,202.62,184.9,64.46,59.14,197.2,120.05
404,Mé Kwaré,221.42,45.6,155.23,169.63,225.74,249.98,233.46,57.17,179.71,166.21,273.77,255.89,186.86,247.21,225.47,237.17,174.03,146.27,129.97,100.76,80.3,73.7,47.35,53.29,74.37,100.01,115.97,112.3,130.95,174.03,236.29,231.18,N/A,69.64,142.83,56.34,93.49,219.11,204.63,84.19,78.87,213.69,136.54
501,Coeur de ville urbain,224.05,118.61,157.87,42.29,228.37,252.61,236.1,106.02,52.37,168.85,276.4,258.52,189.5,249.85,228.11,239.8,176.67,148.91,178.8,149.58,129.13,122.53,120.36,107.91,85.2,98.44,47.97,44.3,62.95,46.69,238.93,233.82,N/A,96.97,145.47,125.78,142.32,91.77,207.27,133.01,127.7,86.36,8.72
502,Coeur de ville littoral,221.5,116.06,155.31,42.49,225.82,250.06,233.55,103.47,52.57,166.29,273.85,255.97,186.95,247.29,225.56,237.25,174.11,146.36,176.24,147.03,126.58,119.98,117.81,105.36,82.65,95.88,45.41,41.75,60.4,46.89,236.38,231.27,N/A,94.42,142.92,123.23,139.77,91.97,204.72,130.46,125.15,86.56,9.41
503,Koutio Secal,221.82,116.38,155.63,41.62,226.14,250.38,233.87,103.78,51.7,166.61,274.17,256.29,187.26,247.61,225.87,237.57,174.43,146.67,176.56,147.35,126.89,120.3,118.13,105.68,82.96,96.2,45.73,42.07,60.72,46.02,236.69,231.58,N/A,94.74,143.23,123.54,140.08,91.1,205.03,130.78,125.46,85.68,8.64
504,Koutio érudits,220.71,115.27,154.53,42.25,225.04,249.28,232.76,102.68,52.33,165.51,273.06,255.19,186.16,246.51,224.77,236.46,173.33,145.57,175.46,146.24,125.79,119.19,117.02,104.57,81.86,95.1,44.63,40.97,59.62,46.65,235.59,230.48,N/A,93.63,142.13,122.44,138.98,91.73,203.93,129.68,124.36,86.32,9.17
505,Koutio Fortunes de mer,220.55,115.11,154.36,42.33,224.87,249.11,232.6,102.51,52.4,165.34,272.9,255.02,185.99,246.34,224.6,236.3,173.16,145.4,175.29,146.08,125.62,119.03,116.86,104.41,81.69,94.93,44.46,40.8,59.45,46.72,235.42,230.31,N/A,93.47,141.96,122.27,138.81,91.81,203.76,129.51,124.19,86.39,9.24
506,Jacarandas I,223.34,117.9,157.15,44.66,227.66,251.9,235.39,105.3,54.74,168.13,275.69,257.81,188.78,249.13,227.4,239.09,175.95,148.19,178.08,148.87,128.41,121.82,119.65,107.2,84.48,97.72,47.25,43.59,62.24,49.06,238.21,233.1,N/A,96.26,144.75,125.06,141.6,94.15,206.55,132.3,126.99,88.73,11.75
507,Jacarandas II,225.84,120.4,159.66,43.82,230.16,254.4,237.89,107.81,53.9,170.63,278.19,260.31,191.29,251.63,229.9,241.59,178.46,150.7,180.58,151.37,130.92,124.32,122.15,109.7,86.99,100.23,49.76,46.09,64.74,48.22,240.72,235.61,N/A,98.76,147.26,127.57,144.11,93.31,209.06,134.8,129.49,87.89,12.41
508,Auteuil,224.29,118.85,158.1,42.27,228.61,252.85,236.34,106.25,52.35,169.08,276.64,258.76,189.74,250.08,228.35,240.04,176.9,149.14,179.03,149.82,129.37,122.77,120.6,108.15,85.43,98.67,48.2,44.54,63.19,46.67,239.17,234.05,N/A,97.21,145.7,126.02,142.55,91.76,207.51,133.25,127.94,86.34,10.86
509,Koghis,232.04,126.6,165.85,50.38,236.36,260.6,244.09,114.0,60.46,176.83,284.39,266.51,197.49,257.83,236.1,247.79,184.65,156.89,186.78,157.57,137.11,130.52,128.35,115.9,93.18,106.42,55.95,52.29,70.94,54.78,246.92,241.8,N/A,104.96,153.45,133.77,150.3,99.86,215.25,141.0,135.69,94.44,18.97
510,Dumbéa/mer Ouest,222.81,117.37,156.63,45.83,227.13,251.37,234.86,104.78,55.91,167.61,275.16,257.28,188.26,248.61,226.87,238.56,175.43,147.67,177.56,148.34,127.89,121.29,119.12,106.67,83.96,97.2,46.73,43.06,61.71,50.23,237.69,232.58,N/A,95.73,144.23,124.54,141.08,95.32,206.03,131.77,126.46,89.9,12.75
511,Dumbea/mer Est - Plaine Adam,225.33,119.89,159.14,49.45,229.65,253.89,237.37,107.29,59.53,170.12,277.68,259.8,190.77,251.12,229.38,241.08,177.94,150.18,180.07,150.86,130.4,123.8,121.64,109.19,86.47,99.71,49.24,45.58,64.23,53.85,240.2,235.09,N/A,98.24,146.74,127.05,143.59,98.94,208.54,134.29,128.97,93.52,18.04
512,Plaine de Koé,236.32,130.88,170.13,60.82,240.64,264.88,248.36,118.28,70.9,181.11,288.67,270.79,201.76,262.11,240.37,252.07,188.93,161.17,191.06,161.85,141.39,134.79,132.63,120.18,97.46,110.7,60.23,56.57,75.22,65.22,251.19,246.08,N/A,109.23,157.73,138.04,154.58,110.3,219.53,145.28,139.96,104.88,29.41
513,Nakutakoin,224.94,119.5,158.75,54.03,229.26,253.5,236.98,106.9,64.11,169.73,277.29,259.41,190.38,250.73,228.99,240.69,177.55,149.79,179.68,150.47,130.01,123.41,121.25,108.8,86.08,99.32,48.85,45.19,63.84,58.43,239.81,234.7,N/A,97.86,146.35,126.66,143.2,103.51,208.15,133.9,128.58,98.1,20.95
514,Nondoué La Couvelée,232.04,126.6,165.85,57.62,236.36,260.6,244.09,114.0,67.7,176.83,284.39,266.51,197.48,257.83,236.09,247.79,184.65,156.89,186.78,157.57,137.11,130.51,128.35,115.9,93.18,106.42,55.95,52.29,70.94,62.02,246.91,241.8,N/A,104.96,153.45,133.76,150.3,107.1,215.25,141.0,135.68,101.68,26.21
515,Katiramona Sud,227.42,121.98,161.24,55.53,231.74,255.99,239.47,109.39,65.61,172.22,279.77,261.89,192.87,253.22,231.48,243.17,180.04,152.28,182.17,152.95,132.5,125.9,123.73,111.28,88.57,101.81,51.34,47.67,66.32,59.93,242.3,237.19,N/A,100.34,148.84,129.15,145.69,105.02,210.64,136.38,131.07,99.6,24.12
516,Dzumac,252.98,147.54,186.79,61.47,257.3,281.54,265.03,134.94,71.55,197.77,305.33,287.45,218.42,278.77,257.03,268.73,205.59,177.83,207.72,178.51,158.05,151.46,149.29,136.84,114.12,127.36,76.89,73.23,91.88,65.87,267.85,262.74,N/A,125.9,174.39,154.7,171.24,110.96,236.19,161.94,156.62,105.54,36.47
601,Farino,168.4,74.43,102.22,130.21,172.72,196.97,180.45,86.0,140.29,113.2,220.75,202.87,133.85,194.2,172.46,184.15,121.02,93.26,120.95,92.81,72.36,65.76,76.18,82.12,79.97,93.21,76.55,72.89,91.54,134.61,183.28,178.17,N/A,91.74,89.82,85.17,85.54,179.69,151.62,76.24,70.93,174.28,97.13
701,Hienghène village,140.05,310.87,225.07,364.56,144.37,155.4,138.88,322.44,374.64,204.39,179.19,161.31,148.43,152.63,141.34,155.8,212.21,218.71,274.37,279.46,294.3,302.2,312.62,318.56,314.32,327.56,310.9,307.24,325.89,368.96,141.71,136.6,N/A,326.09,215.27,321.61,279.71,414.04,161.45,302.18,299.71,408.63,331.48
704,Tiendanite à Ouayaguette,114.17,265.56,205.78,345.27,118.49,129.52,113.0,277.13,355.35,185.1,153.31,135.43,134.15,126.75,115.46,129.92,192.92,199.42,177.69,195.32,210.17,232.94,267.31,273.25,287.2,308.27,291.61,287.95,306.6,349.67,115.83,110.72,N/A,282.48,195.98,276.3,195.57,394.75,151.92,218.05,215.57,389.34,312.19
705,Oué - Hawa - Ouen - Kout - Pwa Jilu,146.95,262.75,201.25,340.74,151.27,162.3,145.78,274.32,350.82,180.57,186.08,168.2,143.11,159.53,148.24,162.7,188.39,194.89,188.48,206.12,220.96,243.74,264.5,270.44,286.17,303.74,287.08,283.41,302.06,345.14,148.61,143.5,N/A,281.44,191.45,273.49,206.37,390.22,160.88,228.84,226.37,384.8,307.65
801,Houaïlou village,173.27,97.52,84.87,197.33,177.59,201.83,185.32,109.09,207.41,118.06,225.62,207.74,138.72,199.06,177.33,189.02,125.88,96.64,42.85,27.16,42.0,64.78,99.27,105.21,126.29,151.93,143.67,140.01,158.66,201.73,188.15,183.04,N/A,121.56,93.2,108.26,27.41,246.82,156.49,49.88,47.41,241.4,164.25
803,Waraï,169.19,114.4,95.5,214.22,173.51,197.75,181.24,125.97,224.3,128.69,221.54,203.66,134.64,194.98,173.25,184.94,136.51,107.27,29.99,44.04,58.89,81.66,116.15,122.09,143.17,168.81,160.56,156.9,175.55,218.62,184.07,178.96,N/A,138.44,103.83,125.14,44.29,263.7,152.41,66.77,64.29,258.29,181.14
805,Nédivin - Bas Nindien,157.38,106.93,68.99,188.57,161.71,185.95,169.43,118.5,198.65,102.18,209.73,191.86,122.83,183.18,161.44,173.13,110.0,80.75,46.0,36.57,51.41,74.19,108.68,114.62,128.71,150.31,134.91,131.25,149.9,192.97,172.26,167.15,N/A,130.97,77.31,117.67,36.82,238.06,140.6,59.29,56.82,232.64,155.49
807,Boréaré - Coula - Karagreu - Nérin,174.41,128.59,86.01,204.73,178.73,202.97,186.46,140.16,214.81,119.2,226.76,208.88,139.86,200.2,178.47,190.16,127.02,97.78,67.66,58.23,73.07,95.85,130.34,136.28,133.68,159.33,151.07,147.41,166.06,209.13,189.29,184.18,N/A,144.56,94.34,139.33,58.48,254.22,157.63,80.95,78.48,248.8,171.65
808,Kua - Néoua - Gwa Ruviano,212.09,115.43,128.47,193.63,216.41,240.65,224.14,127.0,203.71,156.88,264.44,246.56,177.54,237.88,216.15,227.84,164.7,136.23,86.44,57.97,72.82,95.59,117.19,123.13,132.08,156.63,139.97,136.31,154.96,198.03,226.97,221.85,N/A,135.22,132.79,126.17,58.22,243.12,195.3,80.7,78.22,237.7,160.55
901,Vao,N/A,N/A,N/A,N/A,N/A,N/A,N/A,N/A,N/A,N/A,N/A,N/A,N/A,N/A,N/A,N/A,N/A,N/A,N/A,N/A,N/A,N/A,N/A,N/A,N/A,N/A,N/A,N/A,N/A,N/A,N/A,N/A,N/A,N/A,N/A,N/A,N/A,N/A,N/A,N/A,N/A,N/A,N/A
902,Kunié hors Vao,N/A,N/A,N/A,N/A,N/A,N/A,N/A,N/A,N/A,N/A,N/A,N/A,N/A,N/A,N/A,N/A,N/A,N/A,N/A,N/A,N/A,N/A,N/A,N/A,N/A,N/A,N/A,N/A,N/A,N/A,N/A,N/A,N/A,N/A,N/A,N/A,N/A,N/A,N/A,N/A,N/A,N/A,N/A
1001,Kaala Gomen village,24.15,216.54,130.73,270.22,28.48,51.82,35.3,228.11,280.3,110.06,75.61,57.73,54.09,49.05,27.31,39.9,117.88,124.38,180.04,185.12,199.97,207.86,218.29,224.23,219.99,233.22,216.56,212.9,231.55,274.62,38.13,33.02,N/A,231.76,120.94,227.28,185.38,319.71,67.12,207.85,205.37,314.29,237.14
1004,Ouéholle - Ouémou - Kourou,54.51,246.89,161.08,300.58,58.83,69.85,53.34,258.46,310.66,140.41,93.64,75.76,84.45,67.08,55.79,70.26,148.23,154.73,200.2,212.12,226.96,238.22,248.64,254.58,250.34,263.58,246.92,243.25,261.9,304.98,56.17,51.06,N/A,262.11,151.29,257.63,212.37,350.06,97.47,234.84,232.37,344.64,267.49
1006,Massif Ouazangou - Mont Kaala,44.91,237.3,151.49,290.98,49.24,61.49,44.97,248.87,301.06,130.81,85.27,67.4,74.85,58.72,46.2,60.66,138.63,145.14,200.8,205.88,220.73,228.62,239.05,244.99,240.74,253.98,237.32,233.66,252.31,295.38,47.8,42.69,N/A,252.52,141.7,248.04,206.13,340.47,87.87,228.61,226.13,335.05,257.9
1101,Koné village,56.35,158.23,72.42,211.92,60.67,84.91,68.4,169.8,221.99,51.75,108.7,90.82,21.8,82.14,60.41,72.1,59.57,66.07,121.73,126.82,141.66,149.55,159.98,165.92,161.68,174.92,158.25,154.59,173.24,216.32,71.23,66.11,N/A,173.45,62.63,168.97,127.07,261.4,39.57,149.54,147.07,255.98,178.83
1102,Paiamboué - La Caférie - Foué,63.74,162.03,76.22,215.71,68.06,92.3,75.79,173.6,225.79,55.54,116.09,98.21,29.19,89.53,67.8,79.49,63.36,69.86,127.18,130.61,145.46,153.35,163.78,169.72,165.47,178.71,162.05,158.39,177.04,220.11,78.62,73.51,N/A,177.25,66.42,172.77,130.86,265.2,46.96,153.34,150.86,259.78,182.63
1103,Baco - Koniambo,60.13,158.36,72.55,212.04,64.46,88.7,72.18,169.93,222.12,51.87,112.48,94.6,25.58,85.93,64.19,75.88,59.69,66.19,120.27,126.94,141.79,149.68,160.11,166.05,161.8,175.04,158.38,154.72,173.37,216.44,75.01,69.9,N/A,173.58,62.75,169.1,127.19,261.53,43.35,149.67,147.19,256.11,178.96
1105,Massif Koniambo - Pinjen,60.76,189.25,103.45,242.94,65.08,89.32,72.81,200.82,253.02,82.77,113.11,95.23,28.32,86.55,64.82,76.51,90.59,97.09,152.75,157.84,172.69,180.58,191.01,196.94,192.7,205.94,189.28,185.62,204.27,247.34,75.64,70.53,N/A,204.48,93.65,199.99,158.09,292.42,46.09,180.57,178.09,287.01,209.86
1107,Poindah - Noelly - Néami - Netchaot,84.89,178.44,92.63,232.12,89.21,113.45,96.94,190.01,242.2,71.95,137.24,119.36,50.34,110.68,88.95,100.64,79.77,86.27,138.0,144.96,159.8,167.7,180.19,186.13,181.88,195.12,178.46,174.8,193.45,236.52,99.77,94.66,N/A,193.66,82.83,189.18,145.21,281.61,68.11,167.68,165.21,276.19,199.04
1108,Bopope,130.8,224.35,138.54,278.04,135.13,159.37,142.85,235.92,288.12,117.87,183.16,165.28,96.25,156.6,134.86,146.55,125.69,132.19,154.59,172.23,187.07,209.85,226.1,232.04,227.8,241.04,224.38,220.71,239.36,282.44,145.68,140.57,N/A,239.57,128.75,235.09,172.48,327.52,114.02,194.95,192.48,322.1,244.95
1201,Koumac village,29.94,222.32,136.52,276.01,34.26,28.8,17.29,233.89,286.09,115.84,47.56,29.68,59.88,26.03,31.23,45.69,123.66,130.16,185.82,190.91,205.75,213.65,224.07,230.01,225.77,239.01,222.35,218.68,237.33,280.41,20.12,15.01,N/A,237.54,126.72,233.06,191.16,325.49,72.9,213.63,211.16,320.07,242.93
1202,Pagou - Paop - Wanac,32.32,224.7,138.9,278.39,36.64,31.18,19.67,236.27,288.47,118.22,42.54,24.66,62.26,28.41,33.61,48.07,126.04,132.54,188.2,193.29,208.14,216.03,226.46,232.39,228.15,241.39,224.73,221.07,239.72,282.79,22.5,17.39,N/A,239.93,129.1,235.44,193.54,327.87,75.28,216.02,213.54,322.46,245.31
1203,Paagoumène - Chagrin - Karack - Pagui,56.55,248.93,163.13,302.62,60.87,55.41,43.9,260.5,312.7,142.45,56.66,38.78,86.49,52.64,57.84,72.3,150.27,156.77,212.43,217.52,232.36,240.26,250.68,256.62,252.38,265.62,248.96,245.3,263.95,307.02,46.73,41.62,N/A,264.15,153.33,259.67,217.77,352.1,99.51,240.25,237.77,346.69,269.54
1206,Piton de Pandop,42.23,234.62,148.81,288.3,46.56,53.08,36.56,246.19,298.38,128.13,76.86,58.98,72.17,50.31,43.52,57.98,135.95,142.46,198.12,203.2,218.05,225.94,236.37,242.31,238.06,251.3,234.64,230.98,249.63,292.7,39.39,34.28,N/A,249.84,139.02,245.36,203.45,337.79,85.19,225.93,223.45,332.37,255.22
1301,La Foa village,178.79,85.94,112.6,120.99,183.11,207.35,190.84,88.48,131.07,123.58,231.14,213.26,144.23,204.58,182.85,194.54,131.4,103.64,133.53,104.32,83.86,77.27,87.69,89.72,70.75,83.99,67.33,63.66,82.31,125.39,193.67,188.55,N/A,82.52,100.2,96.68,97.05,170.47,162.0,87.75,82.44,165.05,87.9
1303,Oua Tom Forêt noire Pierrat,183.95,91.11,117.77,136.14,188.28,212.52,196.0,102.68,146.22,128.75,236.31,218.43,149.4,209.75,188.01,199.7,136.57,108.81,138.7,109.49,89.03,82.43,92.86,98.8,85.9,99.14,82.48,78.82,97.47,140.54,198.83,193.72,N/A,97.68,105.37,101.85,102.22,185.63,167.17,92.92,87.6,180.21,103.06
1401,Gaïtcha,N/A,N/A,N/A,N/A,N/A,N/A,N/A,N/A,N/A,N/A,N/A,N/A,N/A,N/A,N/A,N/A,N/A,N/A,N/A,N/A,N/A,N/A,N/A,N/A,N/A,N/A,N/A,N/A,N/A,N/A,N/A,N/A,N/A,N/A,N/A,N/A,N/A,N/A,N/A,N/A,N/A,N/A,N/A
1402,Löessi,N/A,N/A,N/A,N/A,N/A,N/A,N/A,N/A,N/A,N/A,N/A,N/A,N/A,N/A,N/A,N/A,N/A,N/A,N/A,N/A,N/A,N/A,N/A,N/A,N/A,N/A,N/A,N/A,N/A,N/A,N/A,N/A,N/A,N/A,N/A,N/A,N/A,N/A,N/A,N/A,N/A,N/A,N/A
1403,Wet,N/A,N/A,N/A,N/A,N/A,N/A,N/A,N/A,N/A,N/A,N/A,N/A,N/A,N/A,N/A,N/A,N/A,N/A,N/A,N/A,N/A,N/A,N/A,N/A,N/A,N/A,N/A,N/A,N/A,N/A,N/A,N/A,N/A,N/A,N/A,N/A,N/A,N/A,N/A,N/A,N/A,N/A,N/A
1501,Guahma,N/A,N/A,N/A,N/A,N/A,N/A,N/A,N/A,N/A,N/A,N/A,N/A,N/A,N/A,N/A,N/A,N/A,N/A,N/A,N/A,N/A,N/A,N/A,N/A,N/A,N/A,N/A,N/A,N/A,N/A,N/A,N/A,N/A,N/A,N/A,N/A,N/A,N/A,N/A,N/A,N/A,N/A,N/A
1502,La Roche,N/A,N/A,N/A,N/A,N/A,N/A,N/A,N/A,N/A,N/A,N/A,N/A,N/A,N/A,N/A,N/A,N/A,N/A,N/A,N/A,N/A,N/A,N/A,N/A,N/A,N/A,N/A,N/A,N/A,N/A,N/A,N/A,N/A,N/A,N/A,N/A,N/A,N/A,N/A,N/A,N/A,N/A,N/A
1503,Tadine Pénélo,N/A,N/A,N/A,N/A,N/A,N/A,N/A,N/A,N/A,N/A,N/A,N/A,N/A,N/A,N/A,N/A,N/A,N/A,N/A,N/A,N/A,N/A,N/A,N/A,N/A,N/A,N/A,N/A,N/A,N/A,N/A,N/A,N/A,N/A,N/A,N/A,N/A,N/A,N/A,N/A,N/A,N/A,N/A
1601,Moindou,173.33,86.7,107.15,155.41,177.66,201.9,185.38,98.27,165.49,118.13,225.69,207.81,138.78,199.13,177.39,189.08,125.95,98.19,124.88,105.08,84.63,78.03,88.45,94.39,105.17,118.41,101.75,98.08,116.73,159.81,188.21,183.1,N/A,105.23,94.75,97.44,97.81,204.89,156.55,88.51,83.2,199.47,122.32
1701,Yahoué Nord,225.76,120.32,159.57,41.9,230.08,254.32,237.81,107.72,51.98,170.55,278.11,260.23,191.21,251.55,229.82,241.51,178.37,150.61,180.5,151.29,130.84,124.24,122.07,109.62,86.9,100.14,49.67,46.01,64.66,46.3,240.64,235.53,N/A,98.68,147.18,127.49,144.02,91.38,208.98,134.72,129.41,85.97,12.01
1702,Yahoué Sud,224.77,119.33,158.58,40.9,229.09,253.33,236.82,106.73,50.98,169.56,277.12,259.24,190.21,250.56,228.82,240.52,177.38,149.62,179.51,150.3,129.84,123.25,121.08,108.63,85.91,99.15,48.68,45.02,63.67,45.3,239.64,234.53,N/A,97.69,146.18,126.49,143.03,90.39,207.98,133.73,128.41,84.97,11.01
1703,Pont des Français,224.89,119.45,158.7,38.34,229.21,253.45,236.94,106.85,48.42,169.68,277.24,259.36,190.34,250.68,228.95,240.64,177.5,149.74,179.63,150.42,129.97,123.37,121.2,108.75,86.03,99.27,48.8,45.14,63.79,42.74,239.77,234.65,N/A,97.81,146.3,126.62,143.15,87.83,208.11,133.85,128.54,82.41,9.54
1704,La Conception,228.99,123.55,162.81,39.58,233.32,257.56,241.04,110.96,49.66,173.79,281.34,263.46,194.44,254.79,233.05,244.74,181.61,153.85,183.74,154.52,134.07,127.47,125.3,112.85,90.14,103.38,52.91,49.24,67.9,43.98,243.87,238.76,N/A,101.91,150.41,130.72,147.26,89.07,212.21,137.95,132.64,83.65,13.6
1705,Robinson Nord,231.39,125.95,165.21,40.04,235.72,259.96,243.44,113.36,50.12,176.19,283.74,265.87,196.84,257.19,235.45,247.14,184.01,156.25,186.14,156.92,136.47,129.87,127.7,115.25,92.54,105.78,55.31,51.65,70.3,44.44,246.27,241.16,N/A,104.31,152.81,133.12,149.66,89.52,214.61,140.36,135.04,84.11,14.89
1706,Robinson Sud,227.98,122.54,161.79,36.8,232.3,256.54,240.02,109.94,46.88,172.77,280.33,262.45,193.42,253.77,232.03,243.73,180.59,152.83,182.72,153.51,133.05,126.45,124.29,111.84,89.12,102.36,51.89,48.23,66.88,41.2,242.85,237.74,N/A,100.9,149.39,129.7,146.24,86.29,211.19,136.94,131.62,80.87,11.47
1707,Boulari,229.93,124.49,163.75,38.58,234.25,258.49,241.98,111.9,48.66,174.73,282.28,264.4,195.38,255.72,233.99,245.68,182.55,154.79,184.67,155.46,135.01,128.41,126.24,113.79,91.08,104.32,53.85,50.18,68.83,42.98,244.81,239.7,N/A,102.85,151.35,131.66,148.2,88.06,213.15,138.89,133.58,82.65,13.43
1708,Saint Michel,229.54,124.1,163.36,32.75,233.86,258.1,241.59,111.51,42.83,174.33,281.89,264.01,194.99,255.33,233.6,245.29,182.16,154.4,184.28,155.07,134.62,128.02,125.85,113.4,90.69,103.93,53.46,49.79,68.44,37.15,244.42,239.31,N/A,102.46,150.96,131.27,147.81,82.24,212.76,138.5,133.19,76.82,13.04
1709,Saint Louis,234.72,129.28,168.53,32.7,239.04,263.28,246.77,116.68,42.78,179.51,287.07,269.19,200.17,260.51,238.78,250.47,187.33,159.57,189.46,160.25,139.8,133.2,131.03,118.58,95.86,109.1,58.63,54.97,73.62,37.1,249.6,244.48,N/A,107.64,156.13,136.45,152.98,82.19,217.94,143.68,138.37,76.77,18.21
1710,La Coulée Nord,238.82,133.38,172.63,27.7,243.14,267.38,250.87,120.78,37.78,183.61,291.17,273.29,204.26,264.61,242.88,254.57,191.43,163.67,193.56,164.35,143.89,137.3,135.13,122.68,99.96,113.2,62.73,59.07,77.72,32.1,253.7,248.58,N/A,111.74,160.23,140.54,157.08,77.19,222.03,147.78,142.47,71.77,22.31
1711,La Coulée Sud,242.21,136.77,176.02,29.07,246.53,270.77,254.26,124.17,39.15,187.0,294.56,276.68,207.65,268.0,246.26,257.96,194.82,167.06,196.95,167.74,147.28,140.68,138.52,126.07,103.35,116.59,66.12,62.46,81.11,33.47,257.08,251.97,N/A,115.13,163.62,143.93,160.47,78.56,225.42,151.17,145.85,73.14,25.7
1712,Vallon Dore,243.06,137.62,176.87,27.71,247.38,271.62,255.11,125.02,37.79,187.85,295.41,277.53,208.51,268.85,247.12,258.81,195.67,167.91,197.8,168.59,148.14,141.54,139.37,126.92,104.2,117.44,66.97,63.31,81.96,32.11,257.94,252.82,N/A,115.98,164.47,144.79,161.32,77.2,226.27,152.02,146.71,71.78,26.55
1713,Mont Dore Sud,247.5,142.06,181.32,23.57,251.83,276.07,259.55,129.47,33.65,192.3,299.86,281.98,212.95,273.3,251.56,263.25,200.12,172.36,202.25,173.04,152.58,145.98,143.81,131.36,108.65,121.89,71.42,67.76,86.41,27.97,262.38,257.27,N/A,120.42,168.92,149.23,165.77,73.06,230.72,156.47,151.15,67.64,31.0
1714,Plum,259.44,154.0,193.26,23.82,263.76,288.01,271.49,141.41,33.9,204.24,311.79,293.91,224.89,285.24,263.5,275.19,212.06,184.3,214.19,184.97,164.52,157.92,155.75,143.3,120.59,133.83,83.36,79.69,98.35,28.22,274.32,269.21,N/A,132.36,180.86,161.17,177.71,73.3,242.66,168.4,163.09,67.89,42.94
1715,Mouirange - Grand Sud - Ile Ouen,311.19,205.75,245.0,61.95,315.51,339.75,323.23,193.15,59.04,255.98,363.54,345.66,276.63,336.98,315.24,326.94,263.8,236.04,265.93,236.72,216.26,209.66,207.5,195.05,172.33,185.57,135.1,131.44,150.09,60.54,326.06,320.95,N/A,184.11,232.6,212.91,229.45,77.86,294.4,220.15,214.83,72.5,94.68
1716,Malaoui,251.58,146.14,185.4,43.47,255.91,280.15,263.63,133.55,53.55,196.38,303.93,286.05,217.03,277.38,255.64,267.33,204.2,176.44,206.33,177.11,156.66,150.06,147.89,135.44,112.73,125.97,75.5,71.84,90.49,47.87,266.46,261.35,N/A,124.5,173.0,153.31,169.85,92.96,234.8,160.54,155.23,87.54,35.08
1801,Val Plaisance Sud - Ouen Toro,237.02,131.58,170.83,54.23,241.34,265.58,249.07,118.98,64.31,181.81,289.37,271.49,202.46,262.81,241.08,252.77,189.63,161.87,191.76,162.55,142.09,135.5,133.33,120.88,98.16,111.4,60.93,57.27,75.92,58.63,251.9,246.78,N/A,109.94,158.43,138.74,155.28,103.71,220.23,145.98,140.67,98.3,14.17
1802,Val Plaisance Nord,232.85,127.41,166.67,49.45,237.18,261.42,244.9,114.82,59.53,177.65,285.2,267.33,198.3,258.65,236.91,248.6,185.47,157.71,187.6,158.39,137.93,131.33,129.16,116.71,94.0,107.24,56.77,53.11,71.76,53.85,247.73,242.62,N/A,105.77,154.27,134.58,151.12,98.93,216.07,141.82,136.5,93.52,10.01
1803,Anse Vata Est,233.16,127.72,166.97,50.21,237.48,261.72,245.21,115.12,60.29,177.95,285.51,267.63,198.6,258.95,237.21,248.91,185.77,158.01,187.9,158.69,138.23,131.64,129.47,117.02,94.3,107.54,57.07,53.41,72.06,54.61,248.03,242.92,N/A,106.08,154.57,134.88,151.42,99.69,216.37,142.12,136.8,94.27,10.31
1804,Anse Vata Ouest,232.56,127.12,166.37,50.11,236.88,261.12,244.6,114.52,60.19,177.35,284.91,267.03,198.0,258.35,236.61,248.31,185.17,157.41,187.3,158.09,137.63,131.03,128.87,116.42,93.7,106.94,56.47,52.81,71.46,54.51,247.43,242.32,N/A,105.48,153.97,134.28,150.82,99.6,215.77,141.52,136.2,94.18,9.71
1805,Baie des citrons,232.27,126.83,166.09,49.92,236.59,260.83,244.32,114.24,60.0,177.06,284.62,266.74,197.72,258.06,236.33,248.02,184.89,157.13,187.01,157.8,137.35,130.75,128.58,116.13,93.42,106.66,56.19,52.52,71.17,54.32,247.15,242.04,N/A,105.19,153.69,134.0,150.54,99.4,215.49,141.23,135.92,93.99,9.43
1806,Motor Pool - Receiving,231.08,125.63,164.89,48.58,235.4,259.64,243.12,113.04,58.66,175.87,283.43,265.55,196.52,256.87,235.13,246.83,183.69,155.93,185.82,156.61,136.15,129.55,127.39,114.93,92.22,105.46,54.99,51.33,69.98,52.98,245.95,240.84,N/A,103.99,152.49,132.8,149.34,98.06,214.29,140.04,134.72,92.65,8.23
1807,N'Géa,231.78,126.34,165.59,48.2,236.1,260.34,243.83,113.74,58.28,176.57,284.13,266.25,197.22,257.57,235.83,247.53,184.39,156.63,186.52,157.31,136.85,130.25,128.09,115.64,92.92,106.16,55.69,52.03,70.68,52.6,246.65,241.54,N/A,104.7,153.19,133.5,150.04,97.68,214.99,140.74,135.42,92.27,8.93
1808,Trianon,230.18,124.74,164.0,47.08,234.5,258.74,242.23,112.15,57.16,174.98,282.53,264.65,195.63,255.98,234.24,245.93,182.8,155.04,184.93,155.71,135.26,128.66,126.49,114.04,91.33,104.57,54.1,50.43,69.08,51.48,245.06,239.95,N/A,103.1,151.6,131.91,148.45,96.56,213.4,139.14,133.83,91.15,7.34
1809,Orphelinat,230.96,125.52,164.77,48.6,235.28,259.52,243.01,112.92,58.68,175.75,283.31,265.43,196.4,256.75,235.02,246.71,183.57,155.81,185.7,156.49,136.03,129.44,127.27,114.82,92.1,105.34,54.87,51.21,69.86,53.0,245.83,240.72,N/A,103.88,152.37,132.68,149.22,98.09,214.17,139.92,134.6,92.67,8.11
1810,Artillerie,229.85,124.41,163.66,47.49,234.17,258.41,241.89,111.81,57.57,174.64,282.2,264.32,195.29,255.64,233.9,245.6,182.46,154.7,184.59,155.38,134.92,128.32,126.16,113.71,90.99,104.23,53.76,50.1,68.75,51.89,244.72,239.61,N/A,102.77,151.26,131.57,148.11,96.98,213.06,138.81,133.49,91.56,7.0
1811,Faubourg Blanchot,230.23,124.78,164.04,46.49,234.55,258.79,242.27,112.19,56.57,175.02,282.58,264.7,195.67,256.02,234.28,245.98,182.84,155.08,184.97,155.76,135.3,128.7,126.54,114.09,91.37,104.61,54.14,50.48,69.13,50.89,245.1,239.99,N/A,103.14,151.64,131.95,148.49,95.98,213.44,139.19,133.87,90.56,7.38
1812,Quartier Latin - Vallée du Génie,228.8,123.36,162.61,45.91,233.12,257.36,240.85,110.77,55.99,173.59,281.15,263.27,194.25,254.59,232.86,244.55,181.42,153.66,183.54,154.33,133.88,127.28,125.11,112.66,89.95,103.19,52.71,49.05,67.7,50.31,243.68,238.57,N/A,101.72,150.22,130.53,147.07,95.4,212.02,137.76,132.45,89.98,5.95
1813,Vallée des Colons Sud Ouest,229.9,124.46,163.71,46.32,234.22,258.46,241.95,111.86,56.4,174.69,282.25,264.37,195.35,255.69,233.96,245.65,182.51,154.75,184.64,155.43,134.98,128.38,126.21,113.76,91.04,104.28,53.81,50.15,68.8,50.72,244.78,239.66,N/A,102.82,151.31,131.63,148.16,95.8,213.12,138.86,133.55,90.39,7.05
1814,Vallée des Colons Sud Est,229.93,124.49,163.74,44.93,234.25,258.49,241.98,111.89,55.01,174.72,282.28,264.4,195.38,255.72,233.99,245.68,182.54,154.78,184.67,155.46,135.01,128.41,126.24,113.79,91.07,104.31,53.84,50.18,68.83,49.33,244.81,239.69,N/A,102.85,151.34,131.66,148.19,94.41,213.14,138.89,133.58,88.99,7.66
1815,Magenta Ouest,229.04,123.6,162.86,43.95,233.36,257.61,241.09,111.01,54.02,173.84,281.39,263.51,194.49,254.84,233.1,244.79,181.66,153.9,183.79,154.57,134.12,127.52,125.35,112.9,90.19,103.43,52.96,49.29,67.94,48.35,243.92,238.81,N/A,101.96,150.46,130.77,147.31,93.43,212.26,138.0,132.69,88.01,7.45
1816,Magenta Tours,228.86,123.42,162.67,43.94,233.18,257.42,240.91,110.83,54.02,173.65,281.21,263.33,194.31,254.65,232.92,244.61,181.47,153.72,183.6,154.39,133.94,127.34,125.17,112.72,90.01,103.24,52.77,49.11,67.76,48.34,243.74,238.63,N/A,101.78,150.28,130.59,147.13,93.42,212.08,137.82,132.51,88.01,7.27
1817,Magenta Est,230.23,124.79,164.05,44.11,234.56,258.8,242.28,112.2,54.19,175.03,282.59,264.71,195.68,256.03,234.29,245.98,182.85,155.09,184.98,155.77,135.31,128.71,126.54,114.09,91.38,104.62,54.15,50.49,69.14,48.51,245.11,240.0,N/A,103.15,151.65,131.96,148.5,93.6,213.45,139.2,133.88,88.18,8.72
1818,Ouémo,231.66,126.22,165.48,45.54,235.99,260.23,243.71,113.63,55.62,176.46,284.01,266.14,197.11,257.46,235.72,247.41,184.28,156.52,186.41,157.19,136.74,130.14,127.97,115.52,92.81,106.05,55.58,51.92,70.57,49.94,246.54,241.43,N/A,104.58,153.08,133.39,149.93,95.03,214.88,140.63,135.31,89.61,10.15
1819,Haut Magenta,229.13,123.69,162.95,44.55,233.45,257.69,241.18,111.1,54.63,173.93,281.48,263.6,194.58,254.93,233.19,244.88,181.75,153.99,183.88,154.66,134.21,127.61,125.44,112.99,90.28,103.52,53.05,49.38,68.03,48.95,244.01,238.9,N/A,102.05,150.55,130.86,147.4,94.03,212.35,138.09,132.78,88.62,7.25
1820,Vallée des Colons Nord Est,228.29,122.85,162.1,44.93,232.61,256.85,240.34,110.26,55.01,173.08,280.64,262.76,193.74,254.08,232.35,244.04,180.91,153.15,183.03,153.82,133.37,126.77,124.6,112.15,89.44,102.68,52.2,48.54,67.19,49.33,243.17,238.06,N/A,101.21,149.71,130.02,146.56,94.41,211.51,137.25,131.94,89.0,5.84
1821,Vallée des Colons Nord Ouest,227.67,122.23,161.48,44.85,231.99,256.23,239.72,109.63,54.93,172.46,280.02,262.14,193.12,253.46,231.73,243.42,180.28,152.52,182.41,153.2,132.75,126.15,123.98,111.53,88.81,102.05,51.58,47.92,66.57,49.25,242.55,237.43,N/A,100.59,149.08,129.4,145.93,94.33,210.89,136.63,131.32,88.92,4.82
1822,Centre ville,230.95,125.51,164.77,48.6,235.28,259.52,243.0,112.92,58.68,175.75,283.3,265.43,196.4,256.75,235.01,246.7,183.57,155.81,185.7,156.48,136.03,129.43,127.26,114.81,92.1,105.34,54.87,51.21,69.86,53.0,245.83,240.72,N/A,103.87,152.37,132.68,149.22,98.09,214.17,139.92,134.6,92.67,8.11
1823,Nouville,235.17,129.73,168.98,52.81,239.49,263.73,247.22,117.13,62.89,179.96,287.52,269.64,200.61,260.96,239.22,250.92,187.78,160.02,189.91,160.7,140.24,133.65,131.48,119.03,96.31,109.55,59.08,55.42,74.07,57.21,250.04,244.93,N/A,108.09,156.58,136.89,153.43,102.3,218.38,144.13,138.81,96.88,12.32
1824,Vallée du Tir,227.4,121.96,161.22,45.05,231.73,255.97,239.45,109.37,55.13,172.2,279.76,261.88,192.85,253.2,231.46,243.16,180.02,152.26,182.15,152.94,132.48,125.88,123.72,111.26,88.55,101.79,51.32,47.66,66.31,49.45,242.28,237.17,N/A,100.32,148.82,129.13,145.67,94.54,210.62,136.37,131.05,89.12,4.56
1825,Doniambo - Montagne coupée - Montravel,235.17,129.73,168.99,50.69,239.5,263.74,247.22,117.14,60.77,179.97,287.52,269.64,200.62,260.97,239.23,250.92,187.79,160.03,189.92,160.7,140.25,133.65,131.48,119.03,96.32,109.56,59.09,55.43,74.08,55.09,250.05,244.94,N/A,108.09,156.59,136.9,153.44,100.17,218.39,144.14,138.82,94.75,13.07
1826,Portes de Fer - Sud,227.63,122.19,161.45,42.48,231.95,256.19,239.68,109.6,52.56,172.42,279.98,262.1,193.08,253.42,231.69,243.38,180.25,152.49,182.37,153.16,132.71,126.11,123.94,111.49,88.78,102.02,51.55,47.88,66.53,46.88,242.51,237.4,N/A,100.55,149.05,129.36,145.9,91.97,210.85,136.59,131.28,86.55,6.33
1827,Aérodrome Sud,228.31,122.87,162.12,42.19,232.63,256.87,240.36,110.27,52.27,173.1,280.66,262.78,193.76,254.1,232.37,244.06,180.92,153.16,183.05,153.84,133.39,126.79,124.62,112.17,89.45,102.69,52.22,48.56,67.21,46.59,243.19,238.07,N/A,101.23,149.72,130.04,146.57,91.67,211.53,137.27,131.96,86.26,7.28
1828,Portes de Fer - Nord,227.76,122.32,161.57,42.71,232.08,256.32,239.81,109.73,52.79,172.55,280.11,262.23,193.21,253.55,231.82,243.51,180.37,152.62,182.5,153.29,132.84,126.24,124.07,111.62,88.91,102.14,51.67,48.01,66.66,47.11,242.64,237.53,N/A,100.68,149.18,129.49,146.03,92.2,210.98,136.72,131.41,86.78,6.17
1829,PK 4,226.66,121.22,160.47,42.52,230.98,255.22,238.71,108.62,52.6,171.45,279.01,261.13,192.11,252.45,230.72,242.41,179.27,151.51,181.4,152.19,131.73,125.14,122.97,110.52,87.8,101.04,50.57,46.91,65.56,46.92,241.54,236.42,N/A,99.58,148.07,128.39,144.92,92.0,209.87,135.62,130.31,86.59,4.75
1830,Aérodrome Nord,229.14,123.7,162.96,43.02,233.46,257.7,241.19,111.11,53.1,173.94,281.49,263.61,194.59,254.94,233.2,244.89,181.76,154.0,183.89,154.67,134.22,127.62,125.45,113.0,90.29,103.53,53.06,49.39,68.04,47.42,244.02,238.91,N/A,102.06,150.56,130.87,147.41,92.51,212.36,138.1,132.79,87.09,8.03
1831,PK 6 Sud,228.95,123.51,162.76,42.46,233.27,257.51,241.0,110.91,52.54,173.74,281.3,263.42,194.39,254.74,233.0,244.7,181.56,153.8,183.69,154.48,134.02,127.43,125.26,112.81,90.09,103.33,52.86,49.2,67.85,46.86,243.82,238.71,N/A,101.87,150.36,130.67,147.21,91.95,212.16,137.91,132.59,86.53,8.45
1832,Zone industrielle Ducos,226.36,120.92,160.18,44.36,230.69,254.93,238.41,108.33,54.44,171.16,278.72,260.84,191.81,252.16,230.42,242.11,178.98,151.22,181.11,151.9,131.44,124.84,122.67,110.22,87.51,100.75,50.28,46.62,65.27,48.76,241.24,236.13,N/A,99.28,147.78,128.09,144.63,93.85,209.58,135.33,130.01,88.43,7.78
1833,Rivière Salée Sud,224.46,119.02,158.28,41.58,228.78,253.03,236.51,106.43,51.65,169.26,276.81,258.93,189.91,250.26,228.52,240.21,177.08,149.32,179.21,149.99,129.54,122.94,120.77,108.32,85.61,98.85,48.38,44.71,63.36,45.97,239.34,234.23,N/A,97.38,145.88,126.19,142.73,91.06,207.68,133.42,128.11,85.64,5.66
1834,PK 6 Nord,226.71,121.27,160.52,41.06,231.03,255.27,238.76,108.67,51.14,171.5,279.06,261.18,192.15,252.5,230.77,242.46,179.32,151.56,181.45,152.24,131.78,125.19,123.02,110.57,87.85,101.09,50.62,46.96,65.61,45.46,241.58,236.47,N/A,99.63,148.12,128.43,144.97,90.55,209.92,135.67,130.35,85.13,6.69
1835,Tina,227.4,121.96,161.22,40.16,231.72,255.96,239.45,109.37,50.24,172.2,279.75,261.87,192.85,253.2,231.46,243.15,180.02,152.26,182.15,152.93,132.48,125.88,123.71,111.26,88.55,101.79,51.32,47.65,66.3,44.56,242.28,237.17,N/A,100.32,148.82,129.13,145.67,89.65,210.62,136.36,131.05,84.23,10.02
1836,PK 7 Est,225.44,120.0,159.25,40.43,229.76,254.0,237.49,107.4,50.51,170.23,277.79,259.91,190.89,251.23,229.5,241.19,178.05,150.29,180.18,150.97,130.51,123.92,121.75,109.3,86.58,99.82,49.35,45.69,64.34,44.83,240.32,235.2,N/A,98.36,146.85,127.17,143.7,89.91,208.65,134.4,129.09,84.5,7.23
1837,PK 7 Ouest,224.94,119.5,158.75,39.93,229.26,253.5,236.98,106.9,50.01,169.73,277.29,259.41,190.38,250.73,228.99,240.69,177.55,149.79,179.68,150.47,130.01,123.41,121.25,108.8,86.08,99.32,48.85,45.19,63.84,44.33,239.81,234.7,N/A,97.86,146.35,126.66,143.2,89.41,208.15,133.9,128.58,83.99,7.81
1838,Rivière Salée Nord Est,224.67,119.23,158.48,41.36,228.99,253.23,236.72,106.64,51.44,169.46,277.02,259.14,190.12,250.46,228.73,240.42,177.28,149.53,179.41,150.2,129.75,123.15,120.98,108.53,85.82,99.05,48.58,44.92,63.57,45.76,239.55,234.44,N/A,97.59,146.09,126.4,142.94,90.84,207.89,133.63,128.32,85.43,8.21
1839,Normandie Sud,225.33,119.89,159.14,38.65,229.65,253.89,237.38,107.29,48.73,170.12,277.68,259.8,190.77,251.12,229.39,241.08,177.94,150.18,180.07,150.86,130.4,123.81,121.64,109.19,86.47,99.71,49.24,45.58,64.23,43.05,240.21,235.09,N/A,98.25,146.74,127.05,143.59,88.13,208.54,134.29,128.98,82.72,9.29
1840,Normandie Nord,223.9,118.46,157.71,38.89,228.22,252.46,235.95,105.87,48.97,168.69,276.25,258.37,189.35,249.69,227.96,239.65,176.51,148.75,178.64,149.43,128.98,122.38,120.21,107.76,85.05,98.28,47.81,44.15,62.8,43.29,238.78,233.67,N/A,96.82,145.32,125.63,142.17,88.37,207.12,132.86,127.55,82.96,8.55
1841,Rivière Salée Nord Ouest,224.52,119.08,158.33,41.78,228.84,253.08,236.57,106.49,51.86,169.31,276.87,258.99,189.97,250.31,228.58,240.27,177.13,149.37,179.26,150.05,129.6,123.0,120.83,108.38,85.67,98.9,48.43,44.77,63.42,46.18,239.4,234.29,N/A,97.44,145.94,126.25,142.79,91.27,207.74,133.48,128.17,85.85,5.86
1842,Ducos,229.32,123.87,163.13,47.76,233.64,257.88,241.36,111.28,57.84,174.11,281.67,263.79,194.76,255.11,233.37,245.07,181.93,154.17,184.06,154.85,134.39,127.79,125.63,113.18,90.46,103.7,53.23,49.57,68.22,52.16,244.19,239.08,N/A,102.23,150.73,131.04,147.58,97.25,212.53,138.28,132.96,91.83,9.8
1843,Logicoop,227.22,121.78,161.04,45.67,231.55,255.79,239.27,109.19,55.75,172.02,279.58,261.7,192.67,253.02,231.28,242.98,179.84,152.08,181.97,152.76,132.3,125.7,123.53,111.08,88.37,101.61,51.14,47.48,66.13,50.07,242.1,236.99,N/A,100.14,148.64,128.95,145.49,95.16,210.44,136.19,130.87,89.74,7.71
1844,Kaméré,227.22,121.78,161.03,45.66,231.54,255.78,239.27,109.18,55.74,172.01,279.57,261.69,192.66,253.01,231.28,242.97,179.83,152.07,181.96,152.75,132.29,125.7,123.53,111.08,88.36,101.6,51.13,47.47,66.12,50.06,242.09,236.98,N/A,100.14,148.63,128.94,145.48,95.15,210.43,136.18,130.87,89.73,7.7
1845,Tindu - Numbo - Koumourou,231.33,125.89,165.14,49.78,235.65,259.89,243.38,113.29,59.86,176.12,283.68,265.8,196.78,257.12,235.39,247.08,183.94,156.18,186.07,156.86,136.41,129.81,127.64,115.19,92.47,105.71,55.24,51.58,70.23,54.18,246.21,241.09,N/A,104.25,152.75,133.06,149.59,99.26,214.55,140.29,134.98,93.84,11.81
1901,Ouégoa village - Balagam - Paraoua - Tarap,63.61,255.99,170.19,309.68,67.93,62.47,50.96,267.56,319.76,149.51,64.74,46.86,93.55,59.7,64.9,79.36,157.33,163.83,219.49,224.58,239.42,247.32,257.74,263.68,259.44,272.68,256.02,252.36,271.01,314.08,53.79,48.68,N/A,271.21,160.39,266.73,224.83,359.16,106.57,247.31,244.83,353.75,276.6
1902,Pam - Tiari,95.05,287.43,201.63,341.12,99.37,93.91,82.4,299.0,351.2,180.95,96.18,78.3,124.99,91.14,96.34,110.8,188.77,195.27,250.93,256.02,270.86,278.76,289.18,295.12,290.88,304.12,287.46,283.8,302.45,345.52,85.23,80.12,N/A,302.65,191.83,298.17,256.27,390.6,138.01,278.75,276.27,385.19,308.04
1903,Bondé,94.19,286.58,200.77,340.26,98.52,93.06,81.55,298.15,350.34,180.1,95.33,77.45,124.13,90.29,95.48,109.94,187.92,194.42,250.08,255.16,270.01,277.9,288.33,294.27,290.03,303.27,286.6,282.94,301.59,344.66,84.38,79.26,N/A,301.8,190.98,297.32,255.42,389.75,137.16,277.89,275.41,384.33,307.18
2001,Saint Joseph Gossanah Takedji,N/A,N/A,N/A,N/A,N/A,N/A,N/A,N/A,N/A,N/A,N/A,N/A,N/A,N/A,N/A,N/A,N/A,N/A,N/A,N/A,N/A,N/A,N/A,N/A,N/A,N/A,N/A,N/A,N/A,N/A,N/A,N/A,N/A,N/A,N/A,N/A,N/A,N/A,N/A,N/A,N/A,N/A,N/A
2002,Fayaoué,N/A,N/A,N/A,N/A,N/A,N/A,N/A,N/A,N/A,N/A,N/A,N/A,N/A,N/A,N/A,N/A,N/A,N/A,N/A,N/A,N/A,N/A,N/A,N/A,N/A,N/A,N/A,N/A,N/A,N/A,N/A,N/A,N/A,N/A,N/A,N/A,N/A,N/A,N/A,N/A,N/A,N/A,N/A
2003,Mouli,N/A,N/A,N/A,N/A,N/A,N/A,N/A,N/A,N/A,N/A,N/A,N/A,N/A,N/A,N/A,N/A,N/A,N/A,N/A,N/A,N/A,N/A,N/A,N/A,N/A,N/A,N/A,N/A,N/A,N/A,N/A,N/A,N/A,N/A,N/A,N/A,N/A,N/A,N/A,N/A,N/A,N/A,N/A
2101,Païta centre,215.17,109.73,148.98,53.8,219.49,243.73,227.22,97.13,63.88,159.96,267.52,249.64,180.62,240.96,219.23,230.92,167.78,140.02,169.91,140.7,120.25,113.65,111.48,99.03,76.31,89.55,39.08,35.42,54.07,58.2,230.05,224.93,N/A,88.09,136.58,116.9,133.43,103.29,198.39,124.13,118.82,97.87,20.72
2102,Scheffleras,216.94,111.5,150.75,53.17,221.26,245.5,228.98,98.9,63.25,161.73,269.29,251.41,182.38,242.73,220.99,232.69,169.55,141.79,171.68,142.47,122.01,115.41,113.25,100.8,78.08,91.32,40.85,37.19,55.84,57.57,231.81,226.7,N/A,89.86,138.35,118.66,135.2,102.65,200.15,125.9,120.58,97.24,20.09
2103,Nogouta-Les 3 Vallées,222.85,117.41,156.66,54.7,227.17,251.41,234.9,104.81,64.78,167.64,275.2,257.32,188.29,248.64,226.9,238.6,175.46,147.7,177.59,148.38,127.92,121.32,119.16,106.71,83.99,97.23,46.76,43.1,61.75,59.1,237.72,232.61,N/A,95.77,144.26,124.57,141.11,104.18,206.06,131.81,126.49,98.77,22.58
2104,Ondémia Port Laguerre,225.86,120.42,159.68,62.94,230.18,254.43,237.91,107.83,73.02,170.66,278.21,260.33,191.31,251.66,229.92,241.61,178.48,150.72,180.61,151.39,130.94,124.34,122.17,109.72,87.01,100.25,49.78,46.11,64.76,67.34,240.74,235.63,N/A,98.78,147.28,127.59,144.13,112.43,209.08,134.82,129.51,107.01,29.86
2105,N'Dé Naniouni,221.4,115.96,155.21,64.16,225.72,249.96,233.45,103.37,74.24,166.19,273.75,255.87,186.85,247.19,225.46,237.15,174.01,146.25,176.14,146.93,126.48,119.88,117.71,105.26,82.55,95.78,45.31,41.65,60.3,68.56,236.28,231.17,N/A,94.32,142.82,123.13,139.67,113.65,204.62,130.36,125.05,108.23,31.08
2106,Tamoa Bangou Saint Laurent,208.04,102.6,141.85,65.41,212.36,236.6,220.09,90.0,75.49,152.83,260.39,242.51,173.49,233.83,212.1,223.79,160.65,132.89,162.78,133.57,113.12,106.52,104.35,91.9,69.18,82.42,31.95,28.29,46.94,69.81,222.92,217.8,N/A,80.96,129.45,109.77,126.3,114.9,191.26,117.0,111.69,109.48,32.33
2107,Tontouta Tiaré,224.38,118.94,158.19,83.8,228.7,252.94,236.43,106.35,93.88,169.17,276.73,258.85,189.83,250.17,228.44,240.13,176.99,149.23,179.12,149.91,129.46,122.86,120.69,108.24,85.53,98.76,48.29,44.63,63.28,88.2,239.26,234.15,N/A,97.3,145.8,126.11,142.64,133.29,207.6,133.34,128.03,127.87,50.72
2108,Mont Mou,224.55,119.11,158.36,60.52,228.87,253.11,236.6,106.51,70.6,169.34,276.9,259.02,190.0,250.34,228.61,240.3,177.16,149.4,179.29,150.08,129.63,123.03,120.86,108.41,85.69,98.93,48.46,44.8,63.45,64.92,239.43,234.32,N/A,97.47,145.97,126.28,142.81,110.01,207.77,133.51,128.2,104.59,27.44
2109,Humbolt,220.69,115.25,154.5,98.26,225.01,249.25,232.74,102.66,108.34,165.48,273.04,255.16,186.14,246.48,224.75,236.44,173.3,145.55,175.43,146.22,125.77,119.17,117.0,104.55,81.84,95.07,39.44,35.78,47.19,102.66,235.57,230.46,N/A,93.61,142.11,122.42,138.96,147.75,203.91,129.65,124.34,142.33,65.18
2110,Savannah - Nouré,225.67,120.23,159.48,60.06,229.99,254.23,237.72,107.64,70.14,170.46,278.02,260.14,191.12,251.46,229.73,241.42,178.29,150.53,180.41,151.2,130.75,124.15,121.98,109.53,86.82,100.06,49.58,45.92,64.57,64.46,240.55,235.44,N/A,98.59,147.09,127.4,143.94,109.55,208.89,134.63,129.32,104.13,26.98
2201,Poindimié village,113.46,149.17,113.43,248.99,117.79,142.03,125.51,160.74,259.07,100.53,165.81,147.94,78.91,139.26,117.52,129.21,108.35,114.85,61.17,78.81,93.65,116.43,150.92,156.86,177.94,203.58,195.33,191.66,210.31,253.39,128.34,123.23,N/A,173.21,111.41,159.91,79.06,298.47,96.68,101.53,99.06,293.05,215.9
2202,Tiéti - Tyé,124.53,170.09,132.27,269.91,128.86,153.1,136.58,181.66,279.99,111.6,176.89,159.01,89.98,150.33,128.59,140.28,119.42,125.92,82.1,99.73,114.58,137.35,171.84,177.78,198.86,224.51,216.25,212.59,231.24,274.31,139.41,134.3,N/A,194.13,122.48,180.83,99.98,319.4,107.75,122.46,119.98,313.98,236.83
2204,Tibarama - Bayes - Ouindo - Ometteux - Napoémien,126.12,155.66,119.92,255.48,130.44,154.68,138.17,167.23,265.55,113.18,178.47,160.59,91.57,151.91,130.18,141.87,121.0,122.25,67.66,85.3,100.14,122.92,157.41,163.35,184.43,210.07,201.81,198.15,216.8,259.87,141.0,135.88,N/A,179.7,118.81,166.4,85.55,304.96,109.34,108.02,105.55,299.54,222.39
2205,Goro Até - Goro Jé,158.95,182.17,140.03,278.2,163.27,187.51,171.0,193.74,288.28,146.01,211.3,193.42,124.4,184.74,163.01,174.7,153.83,139.29,112.5,130.13,144.98,167.75,183.92,189.86,207.15,232.79,224.54,220.88,239.53,282.6,173.83,168.71,N/A,202.42,135.85,192.91,130.38,327.68,142.17,152.86,150.38,322.27,245.12
2302,Ponérihouen village,167.73,136.24,107.17,236.06,172.06,196.3,179.78,147.81,246.14,135.81,220.09,202.21,133.18,193.53,171.79,183.48,143.63,118.94,48.24,65.88,80.72,103.5,137.99,143.93,165.01,190.65,182.4,178.73,197.38,240.46,182.61,177.5,N/A,160.28,115.5,146.98,66.13,285.54,150.95,88.6,86.13,280.12,202.97
2303,Goyetta - Goa - Nébouéba - St Yves,151.79,148.39,112.66,248.21,156.11,180.35,163.84,159.96,258.29,131.1,204.14,186.26,117.24,177.58,155.85,167.54,138.92,123.16,60.4,78.03,92.88,115.65,150.14,156.08,177.16,202.81,194.55,190.89,209.54,252.61,166.67,161.55,N/A,172.44,119.72,159.13,78.28,297.7,135.01,100.76,98.28,292.28,215.13
2306,Aoupinié - Goro Darawé,169.1,156.23,107.78,234.7,173.42,197.66,181.15,167.8,244.78,136.41,221.45,203.57,134.55,194.89,173.16,184.85,144.24,119.54,68.24,85.87,100.72,123.49,157.98,163.92,173.74,196.22,181.04,177.38,196.03,239.1,183.98,178.87,N/A,179.22,116.1,166.97,86.12,284.18,152.32,108.6,106.12,278.77,201.62
2401,Pouébo village - St Ferdinand - St Louis,86.85,279.23,193.43,332.92,91.17,85.71,74.2,290.8,343.0,172.75,87.98,70.1,116.79,82.94,88.14,102.6,180.57,187.07,242.73,247.82,262.66,270.56,280.98,286.92,282.68,295.92,279.26,275.6,294.25,337.32,77.03,71.92,N/A,294.45,183.63,289.97,248.07,382.4,129.81,270.54,268.07,376.99,299.84
2402,Tchamboëne - Diahoué - Colnett,107.02,299.4,213.6,353.09,111.34,105.88,94.37,310.97,363.17,192.92,108.15,90.27,136.96,103.11,108.31,122.77,200.74,207.24,262.9,267.99,282.83,290.73,301.16,307.09,302.85,316.09,299.43,295.77,314.42,357.49,97.2,92.09,N/A,314.63,203.8,310.14,268.24,402.57,149.98,290.72,288.24,397.16,320.01
2405,Massif du Panié - Mont Colnett,84.53,276.91,191.11,330.6,88.85,83.39,71.88,288.48,340.68,170.43,85.66,67.78,114.47,80.62,85.82,100.28,178.25,184.75,240.41,245.5,260.35,268.24,278.67,284.6,280.36,293.6,276.94,273.28,291.93,335.0,74.71,69.6,N/A,292.14,181.31,287.65,245.75,380.08,127.49,268.23,265.75,374.67,297.52
2501,Pouembout village,71.29,154.88,69.07,208.56,75.61,99.85,83.34,166.45,218.64,48.39,123.64,105.76,36.74,97.08,75.35,87.04,56.21,62.71,128.47,123.46,138.31,146.2,156.63,162.57,158.32,171.56,154.9,151.24,169.89,212.96,86.17,81.05,N/A,170.1,59.27,165.62,123.71,258.05,54.51,146.19,143.71,252.63,175.48
2503,Pindaï - Kopéto - Tamaon - Forêt plate,109.24,186.6,100.79,240.28,113.57,137.81,121.29,198.16,250.36,80.11,161.6,143.72,74.69,135.04,113.3,124.99,87.93,94.43,146.43,155.18,170.03,177.92,188.35,194.29,190.04,203.28,186.62,182.96,201.61,244.68,124.12,119.01,N/A,201.82,90.99,197.33,155.43,289.77,92.46,177.91,175.43,284.35,207.2
2601,Poum village - Titch,93.11,285.5,199.69,339.18,97.43,91.98,80.47,297.07,349.26,179.01,37.57,70.15,123.05,89.21,94.4,108.86,186.83,193.33,248.99,254.08,268.93,276.82,287.25,293.19,288.94,302.18,285.52,281.86,300.51,343.58,83.29,78.18,N/A,300.72,189.9,296.24,254.33,388.67,136.07,276.81,274.33,383.25,306.1
2603,Bouarou - Pangaï - Naraï,72.78,265.17,179.36,318.85,77.11,71.65,60.14,276.74,328.93,158.68,48.2,53.17,102.72,68.88,74.07,88.53,166.51,173.01,228.67,233.75,248.6,256.49,266.92,272.86,268.62,281.85,265.19,261.53,280.18,323.25,62.97,57.85,N/A,280.39,169.57,275.91,234.0,368.34,115.74,256.48,254.0,362.92,285.77
2701,Poya village,109.33,154.63,68.83,208.32,113.65,137.89,121.38,166.2,218.4,54.12,161.68,143.8,74.77,135.12,113.38,125.08,61.94,62.47,132.66,123.22,138.06,145.96,156.38,162.32,158.08,171.32,154.66,151.0,169.65,212.72,124.2,119.09,N/A,169.86,59.03,165.37,123.47,257.8,92.54,145.95,143.47,252.39,175.24
2705,Gohapin - Montfaoué - Nékliaï Kradji,136.56,158.18,62.91,219.63,140.88,165.13,148.61,169.75,229.71,81.36,188.91,171.03,102.01,162.36,140.62,152.31,89.18,73.41,105.02,95.58,110.43,127.98,159.93,165.87,169.39,182.63,165.97,162.31,180.96,224.03,151.44,146.33,N/A,181.16,69.97,168.92,95.83,269.11,119.78,118.31,115.83,263.7,186.55
2706,Poya Sud,118.27,129.33,52.08,183.01,122.59,146.83,130.32,140.89,193.09,63.06,170.62,152.74,83.71,144.06,122.33,134.02,70.88,43.12,105.93,96.49,111.34,120.65,131.08,137.02,132.77,146.01,129.35,125.69,144.34,187.41,133.15,128.03,N/A,144.55,39.68,140.06,96.74,232.5,101.48,119.22,116.74,227.08,149.93
2801,Sarraméa,171.53,64.74,105.35,132.32,175.86,200.1,183.58,76.31,142.4,116.33,223.89,206.01,136.98,197.33,175.59,187.28,124.15,96.39,112.33,83.11,62.66,56.06,66.49,72.43,80.41,95.32,78.66,74.99,93.64,136.72,186.41,181.3,N/A,82.34,92.95,75.48,75.85,181.8,154.75,66.54,61.23,176.38,99.23
2901,Thio village,225.07,59.13,158.89,136.46,229.4,253.64,237.12,46.53,146.54,169.87,277.42,259.54,190.52,250.87,229.13,240.82,177.69,149.93,153.05,123.84,103.38,96.79,60.88,48.43,31.64,57.29,82.8,79.13,97.78,140.86,239.95,234.84,N/A,37.49,146.49,66.29,116.57,185.94,208.29,107.27,101.96,180.52,103.38
2902,Thio,221.45,67.22,155.27,138.87,225.77,250.01,233.5,54.63,148.95,166.24,273.8,255.92,186.9,247.24,225.51,237.2,174.07,146.31,151.79,122.57,102.12,95.52,68.97,56.52,34.06,59.7,85.21,81.55,100.2,143.27,236.33,231.22,N/A,45.58,142.87,74.39,115.31,188.36,204.67,106.0,100.69,182.94,105.79
2906,Borendy,271.38,105.43,205.19,182.76,275.7,299.94,283.43,92.84,192.84,216.17,323.73,305.85,236.83,297.17,275.44,287.13,223.99,196.23,199.35,170.14,149.69,143.09,107.18,94.73,77.95,103.59,129.1,125.44,144.09,187.16,286.26,281.14,N/A,83.79,192.79,112.6,162.88,232.25,254.6,153.57,148.26,226.83,149.68
3001,Touho village,133.92,194.32,141.66,281.15,138.24,162.49,145.97,205.89,291.23,120.98,186.27,168.39,99.37,159.72,137.98,149.67,128.8,135.31,106.32,123.96,138.8,161.58,196.07,202.01,223.09,244.15,227.49,223.83,242.48,285.55,148.8,143.69,N/A,218.36,131.87,205.06,124.21,330.64,117.14,146.68,144.21,325.22,248.07
3003,Tiouandé - Ouanache - Congouma - Paola,138.47,200.77,148.11,287.6,142.79,163.39,146.88,212.34,297.68,127.43,187.18,169.3,105.82,160.62,140.79,154.22,135.25,141.75,112.77,130.4,145.25,168.02,202.52,208.46,229.53,250.6,233.94,230.28,248.93,292.0,149.71,144.59,N/A,224.81,138.31,211.51,130.65,337.08,123.58,153.13,150.65,331.67,254.52
3004,Koe - Kokingone - Tiwaka - Pombéi,116.59,176.99,124.33,263.82,120.92,145.16,128.64,188.56,273.9,103.66,168.94,151.07,82.04,142.39,120.65,132.34,111.48,117.98,89.0,106.63,121.48,144.25,178.74,184.68,205.76,226.83,210.16,206.5,225.15,268.22,131.47,126.36,N/A,201.03,114.54,187.73,106.88,313.31,99.81,129.36,126.88,307.89,230.74
3101,Voh village - Gatope,46.33,181.72,95.92,235.41,50.65,74.89,58.38,193.29,245.49,75.24,98.68,80.8,19.28,72.12,50.39,62.08,83.06,89.56,145.22,150.31,165.16,173.05,183.48,189.42,185.17,198.41,181.75,178.09,196.74,239.81,61.21,56.09,N/A,196.95,86.12,192.46,150.56,284.89,32.3,173.04,170.56,279.48,202.33
3103,Témala,92.99,257.95,199.57,339.06,97.31,108.34,91.83,269.52,349.14,178.89,132.13,114.25,122.93,105.57,94.28,108.74,186.71,193.21,170.75,187.58,202.43,225.2,259.7,265.64,286.71,302.06,285.4,281.74,300.39,343.46,94.66,89.54,N/A,281.99,189.77,268.69,187.83,388.55,135.95,210.31,207.83,383.13,305.98
3106,Tiéta,78.75,222.6,136.8,276.29,83.07,107.31,90.8,234.17,286.37,116.12,131.1,113.22,60.16,104.54,82.8,94.5,123.94,130.44,186.1,191.19,206.03,213.93,224.35,230.29,226.05,239.29,222.63,218.97,237.62,280.69,93.62,88.51,N/A,237.82,127.0,233.34,191.44,325.77,73.18,213.91,211.44,320.35,243.21
3201,Waho Touaourou Goro,310.98,205.54,244.8,72.97,315.31,339.55,323.03,192.95,75.01,255.78,363.33,345.46,276.43,336.78,315.04,326.73,263.6,235.84,265.73,236.51,216.06,209.46,207.29,194.84,172.13,185.37,134.9,131.24,149.89,74.02,325.86,320.75,N/A,183.9,232.4,212.71,229.25,53.7,294.2,219.95,214.63,49.88,94.48
3202,Unia,304.01,198.57,237.82,79.2,308.33,332.57,316.06,185.97,85.91,248.8,356.36,338.48,269.45,329.8,308.06,319.76,256.62,228.86,258.75,229.54,209.08,202.49,200.32,187.87,165.15,178.39,127.92,124.26,142.91,81.54,318.88,313.77,N/A,176.93,225.42,205.73,222.27,76.13,287.22,212.97,207.65,72.31,87.5
3203,Ouinné Pourina Plaine des lacs,311.47,206.03,245.28,86.66,315.79,340.03,323.52,193.43,93.37,256.26,363.82,345.94,276.92,337.26,315.53,327.22,264.08,236.32,266.21,237.0,216.55,209.95,207.78,195.33,172.61,185.85,135.38,131.72,150.37,89.0,326.35,321.23,6.47,184.39,232.88,213.2,229.73,90.33,294.69,220.43,215.12,84.97,94.96
3301,Kouaoua village - Amon Kasiori,205.59,71.88,127.03,171.7,209.92,234.16,217.64,83.45,181.78,150.39,257.95,240.07,171.04,231.39,209.65,221.35,158.21,130.45,85.0,55.79,35.34,39.14,73.63,79.57,100.65,126.29,118.04,114.38,133.03,176.1,220.47,215.36,N/A,95.92,127.01,82.62,48.53,221.18,188.81,39.22,27.24,215.77,138.62
3302,Méa Mébara - Ouérou Pimet,205.83,66.8,129.77,166.62,210.16,234.4,217.88,78.37,176.7,150.63,258.18,240.31,171.28,231.63,209.89,221.58,158.45,130.69,87.74,58.53,38.08,32.54,68.55,74.49,95.57,121.21,112.96,109.29,127.94,171.02,220.71,215.6,N/A,90.84,127.25,77.54,51.26,216.1,189.05,41.96,36.65,210.68,133.53
