poi_type,,dimenc_usines,dimenc_usines,dimenc_usines,dimenc_centres,dimenc_centres,dimenc_centres,dimenc_centres,dimenc_centres,dimenc_centres,dimenc_centres,dimenc_centres,dimenc_centres,dimenc_centres,dimenc_centres,dimenc_centres,dimenc_centres,dimenc_centres,dimenc_centres,dimenc_centres,dimenc_centres,dimenc_centres,dimenc_centres,dimenc_centres,dimenc_centres,dimenc_centres,dimenc_centres,dimenc_centres,dimenc_centres,dimenc_centres,dimenc_centres,dimenc_centres,dimenc_centres,dimenc_centres,dimenc_centres,dimenc_centres,dimenc_centres,dimenc_centres,dimenc_centres,dimenc_centres,dimenc_centres,dimenc_centres,dimenc_centres,dimenc_centres
poi_id,,1,2,3,1,5,2,3,4,6,7,11,8,9,10,12,13,14,15,16,17,18,19,20,21,22,23,24,25,26,27,28,29,30,31,32,33,34,35,36,37,38,39,40
poi_name,,KNS - Koniambo,VALE NC - Goro,SLN - Doniambo,Nickel Mining Company - OUALA CARRIERE C,Nickel Mining Company - KOUE,Nickel Mining Company - BOGOTA SUIVANTE-BIENVENUE,Nickel Mining Company - CLAUDE ET PHILOMENE,Maï Kouaoua Mines - GRAZIELLA,Société des Mines de la Tontouta - MICHEL 37,Société des Mines de la Tontouta - TUNNEY,Société le Nickel - POUM,Société des Mines de la Tontouta - NAKETY PLATEAU,Nickel Mining Company - PB2 carrière basse,Société le Nickel - VERSE RACHEL,Société le Nickel - TIEBAGHI,Société le Nickel - ETOILE DU NORD,Nickel Mining Company - OUACO OUAZANGOU,Nickel Mining Company - OUACO TAOM,Société le Nickel - KOPETO,Nickel Mining Company - PINPIN 1B,Société des Mines de la Tontouta - CAP BOCAGE,Société le Nickel - PORO FRANCAISE,Nickel Mining Company - ALICE-PHILIPPE,Société le Nickel - KOUAOUA MEA-KIEL-DOUMA,Société des Mines de la Tontouta - BOGOTA EARLY DOWN-NIGL,Nickel Mining Company - NAKETY EDOUARD-EUREKA-CIRCEE,Société le Nickel - THIO PLATEAU,Société le Nickel - THIO CAMP DES SAPINS,Société minière Georges Montagnat - TOMO-SMMO 43,Société le Nickel - OPOUE,Société minière Georges Montagnat - VULCAIN,Maï Kouaoua Mines - ADA,Société des Mines de la Tontouta - MICHEL 38,Société le Nickel - BOUALOUDJELIMA,Société minière Georges Montagnat - OUINNE,Société le Nickel - DOTHIO,Société le Nickel - PINPIN 1A,Société des Mines de la Tontouta - NAKETY LUCIENNE,Société le Nickel - PORO BONINI,Vale Nouvelle-Calédonie - GORO,Koniambo Nickel SAS - KONIAMBO,Nickel Mining Company - KADJITRA,Société le Nickel - STAMBOUL
iris_code,iris_libelle,,,,,,,,,,,,,,,,,,,,,,,,,,,,,,,,,,,,,,,,,,,
101,Bélep,N/A,N/A,N/A,N/A,N/A,N/A,N/A,N/A,N/A,N/A,N/A,N/A,N/A,N/A,N/A,N/A,N/A,N/A,N/A,N/A,N/A,N/A,N/A,N/A,N/A,N/A,N/A,N/A,N/A,N/A,N/A,N/A,N/A,N/A,N/A,N/A,N/A,N/A,N/A,N/A,N/A,N/A,N/A
201,Boulouparis village,144.0,136.0,59.0,179.0,183.0,78.0,113.0,92.0,207.0,191.0,231.0,66.0,102.0,124.0,213.0,205.0,183.0,195.0,131.0,104.0,134.0,104.0,84.0,77.0,80.0,68.0,45.0,58.0,38.0,34.0,53.0,96.0,194.0,189.0,N/A,57.0,100.0,85.0,97.0,141.0,162.0,88.0,82.0
204,Tomo-Ouinané,155.0,121.0,44.0,189.0,194.0,83.0,123.0,77.0,218.0,201.0,242.0,71.0,87.0,134.0,224.0,215.0,193.0,205.0,142.0,114.0,144.0,115.0,94.0,88.0,85.0,73.0,50.0,63.0,22.0,18.0,37.0,82.0,204.0,199.0,N/A,62.0,111.0,90.0,107.0,127.0,172.0,98.0,93.0
205,Nassirah,148.0,140.0,63.0,182.0,187.0,70.0,116.0,96.0,211.0,194.0,235.0,58.0,106.0,127.0,217.0,208.0,186.0,198.0,135.0,107.0,137.0,108.0,87.0,81.0,72.0,60.0,37.0,50.0,42.0,39.0,57.0,100.0,197.0,192.0,N/A,49.0,104.0,77.0,101.0,145.0,165.0,91.0,86.0
301,Bourail village,84.0,185.0,108.0,119.0,123.0,88.0,53.0,141.0,148.0,131.0,171.0,99.0,151.0,64.0,153.0,145.0,123.0,135.0,72.0,44.0,75.0,65.0,80.0,79.0,89.0,95.0,91.0,104.0,88.0,84.0,103.0,146.0,134.0,129.0,N/A,103.0,40.0,98.0,65.0,191.0,102.0,87.0,83.0
302,Poé Nessadiou,97.0,185.0,107.0,132.0,136.0,87.0,66.0,141.0,160.0,144.0,184.0,98.0,151.0,77.0,166.0,158.0,136.0,148.0,85.0,57.0,87.0,78.0,85.0,78.0,89.0,95.0,90.0,104.0,87.0,83.0,102.0,145.0,147.0,142.0,N/A,102.0,53.0,98.0,78.0,190.0,115.0,89.0,83.0
303,Domaine Deva Le Cap,82.0,203.0,126.0,117.0,121.0,105.0,51.0,159.0,145.0,129.0,169.0,117.0,169.0,62.0,151.0,143.0,121.0,133.0,69.0,42.0,88.0,79.0,93.0,97.0,107.0,113.0,109.0,122.0,105.0,102.0,120.0,164.0,132.0,127.0,N/A,121.0,38.0,116.0,79.0,209.0,100.0,100.0,97.0
304,Nandaï Boghen,88.0,190.0,112.0,123.0,127.0,92.0,56.0,146.0,151.0,135.0,175.0,103.0,156.0,67.0,157.0,148.0,127.0,138.0,75.0,47.0,79.0,69.0,82.0,83.0,93.0,99.0,95.0,109.0,92.0,88.0,107.0,150.0,137.0,132.0,N/A,107.0,44.0,102.0,70.0,195.0,106.0,88.0,85.0
305,Ny,91.0,200.0,123.0,125.0,130.0,102.0,59.0,156.0,154.0,137.0,178.0,114.0,166.0,70.0,160.0,151.0,129.0,141.0,78.0,50.0,66.0,57.0,72.0,92.0,104.0,110.0,106.0,119.0,102.0,99.0,117.0,160.0,140.0,135.0,N/A,117.0,47.0,113.0,57.0,205.0,109.0,80.0,77.0
401,Canala village,151.0,190.0,113.0,185.0,190.0,22.0,119.0,146.0,214.0,197.0,238.0,34.0,156.0,130.0,220.0,211.0,189.0,201.0,138.0,110.0,94.0,65.0,44.0,38.0,24.0,30.0,51.0,77.0,93.0,89.0,107.0,151.0,200.0,195.0,N/A,46.0,107.0,33.0,58.0,196.0,169.0,48.0,43.0
403,Gélima - Kuiné - Mia - Nakéty,160.0,191.0,114.0,195.0,199.0,14.0,129.0,147.0,223.0,207.0,247.0,25.0,157.0,140.0,229.0,221.0,199.0,211.0,147.0,120.0,103.0,74.0,54.0,47.0,15.0,21.0,42.0,68.0,93.0,89.0,108.0,151.0,210.0,205.0,N/A,37.0,116.0,24.0,67.0,196.0,178.0,58.0,52.0
404,Mé Kwaré,173.0,198.0,120.0,207.0,212.0,21.0,139.0,154.0,236.0,220.0,260.0,30.0,164.0,152.0,242.0,233.0,212.0,223.0,160.0,132.0,111.0,82.0,61.0,56.0,22.0,27.0,52.0,77.0,100.0,96.0,115.0,158.0,222.0,217.0,N/A,47.0,129.0,33.0,74.0,203.0,191.0,65.0,60.0
501,Coeur de ville urbain,188.0,84.0,7.0,222.0,226.0,117.0,156.0,40.0,251.0,234.0,274.0,104.0,50.0,167.0,257.0,248.0,226.0,238.0,175.0,147.0,177.0,148.0,127.0,121.0,118.0,106.0,83.0,96.0,46.0,42.0,61.0,44.0,237.0,232.0,N/A,95.0,143.0,124.0,140.0,89.0,205.0,131.0,126.0
502,Coeur de ville littoral,186.0,84.0,7.0,220.0,224.0,115.0,154.0,40.0,249.0,232.0,273.0,102.0,50.0,165.0,255.0,246.0,224.0,236.0,173.0,145.0,175.0,146.0,125.0,119.0,116.0,104.0,81.0,95.0,44.0,40.0,59.0,45.0,235.0,230.0,N/A,93.0,142.0,122.0,138.0,90.0,203.0,129.0,124.0
503,Koutio Secal,186.0,85.0,8.0,221.0,225.0,115.0,155.0,41.0,249.0,233.0,273.0,103.0,51.0,166.0,255.0,247.0,225.0,236.0,173.0,146.0,175.0,146.0,126.0,119.0,117.0,105.0,82.0,95.0,45.0,41.0,60.0,45.0,236.0,230.0,N/A,94.0,142.0,122.0,139.0,90.0,204.0,130.0,124.0
504,Koutio érudits,185.0,85.0,8.0,220.0,224.0,114.0,154.0,41.0,248.0,232.0,272.0,102.0,51.0,165.0,254.0,246.0,224.0,236.0,173.0,145.0,175.0,145.0,125.0,118.0,116.0,104.0,81.0,94.0,44.0,40.0,59.0,45.0,235.0,230.0,N/A,93.0,141.0,122.0,138.0,90.0,203.0,129.0,124.0
505,Koutio Fortunes de mer,185.0,86.0,8.0,219.0,224.0,114.0,153.0,42.0,248.0,231.0,272.0,101.0,52.0,164.0,254.0,245.0,223.0,235.0,172.0,144.0,174.0,145.0,124.0,118.0,116.0,103.0,80.0,94.0,43.0,40.0,58.0,46.0,234.0,229.0,N/A,92.0,141.0,121.0,138.0,91.0,203.0,128.0,123.0
506,Jacarandas I,187.0,87.0,10.0,222.0,226.0,116.0,155.0,43.0,250.0,234.0,274.0,104.0,53.0,166.0,256.0,247.0,226.0,237.0,174.0,146.0,176.0,147.0,127.0,120.0,118.0,105.0,83.0,96.0,46.0,42.0,61.0,47.0,237.0,231.0,N/A,95.0,143.0,123.0,140.0,92.0,205.0,131.0,125.0
507,Jacarandas II,187.0,85.0,9.0,222.0,226.0,116.0,156.0,41.0,250.0,234.0,274.0,104.0,51.0,167.0,256.0,248.0,226.0,238.0,175.0,147.0,177.0,147.0,127.0,120.0,118.0,106.0,83.0,96.0,46.0,42.0,61.0,46.0,237.0,232.0,N/A,95.0,143.0,124.0,140.0,91.0,205.0,131.0,126.0
508,Auteuil,188.0,84.0,9.0,223.0,227.0,117.0,157.0,40.0,251.0,235.0,275.0,105.0,50.0,168.0,257.0,249.0,227.0,239.0,175.0,148.0,178.0,148.0,128.0,121.0,119.0,107.0,84.0,97.0,47.0,43.0,62.0,45.0,238.0,233.0,N/A,96.0,144.0,125.0,141.0,90.0,206.0,132.0,126.0
509,Koghis,192.0,89.0,13.0,226.0,231.0,121.0,160.0,45.0,255.0,238.0,279.0,108.0,55.0,171.0,261.0,252.0,230.0,242.0,179.0,151.0,181.0,152.0,131.0,125.0,123.0,110.0,88.0,101.0,50.0,47.0,65.0,49.0,241.0,236.0,N/A,99.0,148.0,128.0,145.0,94.0,210.0,135.0,130.0
510,Dumbéa/mer Ouest,185.0,86.0,9.0,220.0,224.0,114.0,153.0,42.0,248.0,232.0,272.0,102.0,53.0,164.0,254.0,245.0,224.0,235.0,172.0,145.0,174.0,145.0,125.0,118.0,116.0,104.0,81.0,94.0,44.0,40.0,59.0,47.0,235.0,229.0,N/A,93.0,141.0,121.0,138.0,92.0,203.0,129.0,123.0
511,Dumbea/mer Est - Plaine Adam,186.0,87.0,10.0,221.0,225.0,115.0,155.0,43.0,249.0,233.0,273.0,103.0,53.0,166.0,255.0,247.0,225.0,237.0,173.0,146.0,176.0,146.0,126.0,119.0,117.0,105.0,82.0,95.0,45.0,41.0,60.0,47.0,236.0,231.0,N/A,94.0,142.0,123.0,139.0,92.0,204.0,130.0,125.0
512,Plaine de Koé,192.0,94.0,18.0,226.0,230.0,121.0,160.0,50.0,255.0,238.0,278.0,108.0,60.0,171.0,261.0,252.0,230.0,242.0,179.0,151.0,181.0,152.0,131.0,125.0,122.0,110.0,87.0,100.0,50.0,46.0,65.0,54.0,241.0,236.0,N/A,99.0,147.0,128.0,144.0,99.0,209.0,135.0,130.0
513,Nakutakoin,183.0,90.0,13.0,217.0,222.0,112.0,151.0,46.0,246.0,229.0,270.0,99.0,56.0,162.0,252.0,243.0,221.0,233.0,170.0,142.0,172.0,143.0,123.0,116.0,114.0,101.0,79.0,92.0,41.0,38.0,56.0,51.0,232.0,227.0,N/A,90.0,139.0,119.0,136.0,96.0,201.0,126.0,121.0
514,Nondoué La Couvelée,191.0,96.0,21.0,225.0,230.0,120.0,159.0,52.0,254.0,238.0,278.0,107.0,62.0,170.0,260.0,251.0,230.0,241.0,178.0,150.0,180.0,151.0,131.0,124.0,122.0,109.0,87.0,100.0,49.0,46.0,64.0,57.0,240.0,235.0,N/A,98.0,147.0,127.0,144.0,102.0,209.0,134.0,129.0
515,Katiramona Sud,187.0,94.0,19.0,221.0,226.0,116.0,155.0,50.0,250.0,233.0,274.0,103.0,60.0,166.0,256.0,247.0,225.0,237.0,174.0,146.0,176.0,147.0,126.0,120.0,118.0,105.0,83.0,96.0,45.0,42.0,60.0,55.0,236.0,231.0,N/A,94.0,143.0,123.0,140.0,100.0,205.0,130.0,125.0
516,Dzumac,201.0,103.0,29.0,236.0,240.0,130.0,170.0,59.0,264.0,248.0,288.0,118.0,69.0,181.0,270.0,262.0,240.0,252.0,188.0,161.0,191.0,161.0,141.0,134.0,132.0,120.0,97.0,110.0,60.0,56.0,75.0,63.0,251.0,246.0,N/A,109.0,157.0,138.0,154.0,108.0,219.0,145.0,140.0
601,Farino,120.0,160.0,83.0,155.0,159.0,60.0,88.0,116.0,183.0,167.0,207.0,72.0,126.0,99.0,189.0,180.0,159.0,170.0,107.0,79.0,108.0,79.0,58.0,51.0,62.0,68.0,66.0,79.0,62.0,58.0,77.0,120.0,169.0,164.0,N/A,77.0,76.0,71.0,71.0,165.0,138.0,62.0,57.0
701,Hienghène village,123.0,357.0,280.0,123.0,127.0,234.0,173.0,313.0,135.0,119.0,153.0,246.0,323.0,153.0,135.0,132.0,124.0,139.0,161.0,167.0,158.0,173.0,188.0,207.0,236.0,242.0,257.0,276.0,259.0,256.0,274.0,317.0,122.0,117.0,N/A,256.0,164.0,245.0,173.0,362.0,140.0,196.0,193.0
704,Tiendanite à Ouayaguette,125.0,365.0,288.0,98.0,102.0,239.0,182.0,321.0,113.0,97.0,137.0,251.0,331.0,161.0,119.0,111.0,99.0,114.0,169.0,175.0,151.0,169.0,184.0,207.0,241.0,247.0,264.0,284.0,267.0,264.0,282.0,325.0,100.0,95.0,N/A,262.0,172.0,250.0,169.0,371.0,140.0,192.0,189.0
705,Oué - Hawa - Ouen - Kout - Pwa Jilu,89.0,336.0,258.0,95.0,99.0,223.0,152.0,292.0,116.0,99.0,140.0,234.0,302.0,131.0,122.0,113.0,97.0,111.0,139.0,146.0,158.0,170.0,185.0,201.0,224.0,230.0,238.0,255.0,238.0,234.0,253.0,296.0,102.0,97.0,N/A,242.0,142.0,233.0,170.0,341.0,103.0,193.0,190.0
801,Houaïlou village,129.0,227.0,150.0,164.0,168.0,83.0,76.0,183.0,193.0,176.0,216.0,94.0,193.0,109.0,198.0,190.0,168.0,180.0,117.0,87.0,34.0,15.0,27.0,50.0,85.0,91.0,112.0,137.0,129.0,125.0,144.0,187.0,179.0,174.0,N/A,107.0,84.0,94.0,14.0,232.0,147.0,35.0,33.0
803,Waraï,126.0,242.0,165.0,161.0,165.0,98.0,79.0,198.0,190.0,173.0,213.0,110.0,208.0,113.0,195.0,187.0,165.0,177.0,120.0,91.0,18.0,28.0,43.0,65.0,100.0,106.0,127.0,153.0,144.0,141.0,159.0,202.0,176.0,171.0,N/A,122.0,88.0,109.0,28.0,248.0,144.0,51.0,48.0
805,Nédivin - Bas Nindien,116.0,226.0,148.0,150.0,155.0,96.0,62.0,182.0,179.0,162.0,203.0,107.0,192.0,95.0,185.0,176.0,154.0,166.0,103.0,74.0,35.0,25.0,40.0,63.0,98.0,103.0,123.0,144.0,128.0,124.0,143.0,186.0,165.0,160.0,N/A,120.0,70.0,107.0,26.0,231.0,134.0,48.0,46.0
807,Boréaré - Coula - Karagreu - Nérin,107.0,219.0,142.0,142.0,146.0,109.0,54.0,175.0,170.0,154.0,194.0,120.0,185.0,87.0,176.0,167.0,146.0,157.0,95.0,65.0,47.0,39.0,54.0,77.0,110.0,116.0,120.0,136.0,121.0,118.0,136.0,179.0,157.0,151.0,N/A,128.0,61.0,119.0,39.0,224.0,125.0,62.0,59.0
808,Kua - Néoua - Gwa Ruviano,131.0,219.0,142.0,166.0,170.0,88.0,81.0,175.0,194.0,178.0,218.0,99.0,185.0,111.0,200.0,192.0,170.0,182.0,119.0,90.0,50.0,28.0,35.0,55.0,89.0,95.0,112.0,133.0,121.0,117.0,136.0,179.0,181.0,176.0,N/A,111.0,86.0,98.0,25.0,224.0,149.0,42.0,38.0
901,Vao,N/A,N/A,N/A,N/A,N/A,N/A,N/A,N/A,N/A,N/A,N/A,N/A,N/A,N/A,N/A,N/A,N/A,N/A,N/A,N/A,N/A,N/A,N/A,N/A,N/A,N/A,N/A,N/A,N/A,N/A,N/A,N/A,N/A,N/A,N/A,N/A,N/A,N/A,N/A,N/A,N/A,N/A,N/A
902,Kunié hors Vao,N/A,N/A,N/A,N/A,N/A,N/A,N/A,N/A,N/A,N/A,N/A,N/A,N/A,N/A,N/A,N/A,N/A,N/A,N/A,N/A,N/A,N/A,N/A,N/A,N/A,N/A,N/A,N/A,N/A,N/A,N/A,N/A,N/A,N/A,N/A,N/A,N/A,N/A,N/A,N/A,N/A,N/A,N/A
1001,Kaala Gomen village,41.0,302.0,224.0,14.0,19.0,204.0,118.0,258.0,35.0,19.0,59.0,215.0,268.0,97.0,41.0,32.0,17.0,30.0,105.0,112.0,167.0,172.0,187.0,195.0,206.0,212.0,207.0,221.0,204.0,200.0,219.0,262.0,21.0,16.0,N/A,219.0,108.0,215.0,173.0,307.0,54.0,195.0,193.0
1004,Ouéholle - Ouémou - Kourou,75.0,335.0,258.0,45.0,50.0,238.0,152.0,291.0,61.0,44.0,84.0,249.0,301.0,131.0,66.0,58.0,47.0,61.0,139.0,145.0,196.0,206.0,221.0,229.0,239.0,245.0,241.0,254.0,238.0,234.0,253.0,296.0,47.0,42.0,N/A,253.0,142.0,248.0,206.0,341.0,88.0,229.0,226.0
1006,Massif Ouazangou - Mont Kaala,50.0,310.0,233.0,18.0,22.0,212.0,126.0,266.0,39.0,26.0,66.0,224.0,276.0,105.0,48.0,37.0,19.0,29.0,113.0,120.0,175.0,181.0,195.0,203.0,214.0,220.0,215.0,229.0,212.0,208.0,227.0,270.0,28.0,23.0,N/A,227.0,116.0,223.0,181.0,315.0,63.0,203.0,201.0
1101,Koné village,18.0,253.0,176.0,53.0,57.0,155.0,69.0,209.0,81.0,65.0,105.0,167.0,219.0,49.0,87.0,78.0,57.0,68.0,56.0,63.0,118.0,124.0,139.0,146.0,157.0,163.0,159.0,172.0,155.0,151.0,170.0,213.0,67.0,62.0,N/A,170.0,60.0,166.0,124.0,258.0,36.0,146.0,144.0
1102,Paiamboué - La Caférie - Foué,22.0,250.0,172.0,57.0,61.0,152.0,66.0,205.0,85.0,69.0,109.0,163.0,216.0,45.0,91.0,83.0,61.0,73.0,53.0,60.0,117.0,120.0,135.0,143.0,154.0,159.0,155.0,168.0,152.0,148.0,167.0,210.0,72.0,67.0,N/A,167.0,56.0,163.0,121.0,255.0,40.0,143.0,141.0
1103,Baco - Koniambo,23.0,252.0,175.0,57.0,62.0,155.0,69.0,208.0,86.0,69.0,110.0,166.0,218.0,48.0,92.0,83.0,61.0,73.0,56.0,62.0,114.0,123.0,138.0,146.0,156.0,162.0,158.0,171.0,155.0,151.0,170.0,213.0,72.0,67.0,N/A,170.0,59.0,165.0,123.0,258.0,41.0,146.0,143.0
1105,Massif Koniambo - Pinjen,18.0,269.0,192.0,50.0,54.0,171.0,85.0,225.0,79.0,62.0,102.0,183.0,235.0,65.0,84.0,76.0,54.0,66.0,73.0,79.0,135.0,140.0,155.0,163.0,173.0,179.0,175.0,188.0,171.0,168.0,186.0,229.0,65.0,60.0,N/A,186.0,76.0,182.0,140.0,274.0,22.0,163.0,160.0
1107,Poindah - Noelly - Néami - Netchaot,31.0,258.0,181.0,66.0,70.0,160.0,74.0,214.0,94.0,78.0,118.0,172.0,224.0,54.0,100.0,92.0,70.0,82.0,61.0,68.0,112.0,125.0,140.0,151.0,162.0,168.0,163.0,177.0,160.0,156.0,175.0,218.0,81.0,76.0,N/A,175.0,64.0,171.0,125.0,263.0,49.0,148.0,145.0
1108,Bopope,44.0,270.0,192.0,78.0,83.0,171.0,86.0,225.0,107.0,90.0,131.0,183.0,236.0,65.0,113.0,104.0,82.0,94.0,73.0,80.0,96.0,114.0,129.0,151.0,173.0,179.0,175.0,188.0,172.0,168.0,187.0,230.0,93.0,88.0,N/A,187.0,76.0,182.0,114.0,275.0,61.0,136.0,134.0
1201,Koumac village,55.0,315.0,238.0,25.0,29.0,217.0,131.0,271.0,24.0,12.0,42.0,229.0,281.0,110.0,24.0,21.0,26.0,40.0,118.0,125.0,180.0,186.0,200.0,208.0,219.0,225.0,220.0,234.0,217.0,213.0,232.0,275.0,15.0,10.0,N/A,232.0,121.0,228.0,186.0,320.0,68.0,208.0,206.0
1202,Pagou - Paop - Wanac,59.0,320.0,243.0,30.0,34.0,222.0,136.0,276.0,28.0,17.0,39.0,233.0,286.0,115.0,21.0,26.0,31.0,45.0,123.0,130.0,185.0,191.0,205.0,213.0,224.0,230.0,225.0,239.0,222.0,218.0,237.0,280.0,20.0,15.0,N/A,237.0,126.0,233.0,191.0,325.0,72.0,213.0,211.0
1203,Paagoumène - Chagrin - Karack - Pagui,69.0,329.0,252.0,39.0,43.0,231.0,145.0,285.0,37.0,26.0,41.0,243.0,295.0,125.0,18.0,35.0,40.0,54.0,132.0,139.0,195.0,200.0,215.0,222.0,233.0,239.0,235.0,248.0,231.0,227.0,246.0,289.0,29.0,24.0,N/A,246.0,136.0,242.0,200.0,334.0,82.0,222.0,220.0
1206,Piton de Pandop,62.0,322.0,245.0,32.0,36.0,224.0,139.0,278.0,16.0,19.0,56.0,236.0,288.0,118.0,38.0,15.0,33.0,48.0,126.0,132.0,188.0,193.0,208.0,216.0,226.0,232.0,228.0,241.0,224.0,221.0,239.0,283.0,22.0,17.0,N/A,240.0,129.0,235.0,193.0,328.0,75.0,216.0,213.0
1301,La Foa village,123.0,152.0,74.0,158.0,162.0,65.0,92.0,108.0,186.0,170.0,210.0,74.0,118.0,103.0,192.0,184.0,162.0,174.0,111.0,83.0,113.0,83.0,63.0,56.0,67.0,72.0,57.0,71.0,54.0,50.0,69.0,112.0,173.0,168.0,N/A,69.0,79.0,76.0,76.0,157.0,141.0,67.0,62.0
1303,Oua Tom Forêt noire Pierrat,133.0,156.0,79.0,167.0,172.0,74.0,101.0,112.0,196.0,179.0,220.0,81.0,122.0,112.0,202.0,193.0,171.0,183.0,120.0,92.0,122.0,93.0,72.0,66.0,76.0,80.0,61.0,75.0,58.0,54.0,73.0,116.0,182.0,177.0,N/A,73.0,89.0,85.0,85.0,161.0,150.0,76.0,71.0
1401,Gaïtcha,N/A,N/A,N/A,N/A,N/A,N/A,N/A,N/A,N/A,N/A,N/A,N/A,N/A,N/A,N/A,N/A,N/A,N/A,N/A,N/A,N/A,N/A,N/A,N/A,N/A,N/A,N/A,N/A,N/A,N/A,N/A,N/A,N/A,N/A,N/A,N/A,N/A,N/A,N/A,N/A,N/A,N/A,N/A
1402,Löessi,N/A,N/A,N/A,N/A,N/A,N/A,N/A,N/A,N/A,N/A,N/A,N/A,N/A,N/A,N/A,N/A,N/A,N/A,N/A,N/A,N/A,N/A,N/A,N/A,N/A,N/A,N/A,N/A,N/A,N/A,N/A,N/A,N/A,N/A,N/A,N/A,N/A,N/A,N/A,N/A,N/A,N/A,N/A
1403,Wet,N/A,N/A,N/A,N/A,N/A,N/A,N/A,N/A,N/A,N/A,N/A,N/A,N/A,N/A,N/A,N/A,N/A,N/A,N/A,N/A,N/A,N/A,N/A,N/A,N/A,N/A,N/A,N/A,N/A,N/A,N/A,N/A,N/A,N/A,N/A,N/A,N/A,N/A,N/A,N/A,N/A,N/A,N/A
1501,Guahma,N/A,N/A,N/A,N/A,N/A,N/A,N/A,N/A,N/A,N/A,N/A,N/A,N/A,N/A,N/A,N/A,N/A,N/A,N/A,N/A,N/A,N/A,N/A,N/A,N/A,N/A,N/A,N/A,N/A,N/A,N/A,N/A,N/A,N/A,N/A,N/A,N/A,N/A,N/A,N/A,N/A,N/A,N/A
1502,La Roche,N/A,N/A,N/A,N/A,N/A,N/A,N/A,N/A,N/A,N/A,N/A,N/A,N/A,N/A,N/A,N/A,N/A,N/A,N/A,N/A,N/A,N/A,N/A,N/A,N/A,N/A,N/A,N/A,N/A,N/A,N/A,N/A,N/A,N/A,N/A,N/A,N/A,N/A,N/A,N/A,N/A,N/A,N/A
1503,Tadine Pénélo,N/A,N/A,N/A,N/A,N/A,N/A,N/A,N/A,N/A,N/A,N/A,N/A,N/A,N/A,N/A,N/A,N/A,N/A,N/A,N/A,N/A,N/A,N/A,N/A,N/A,N/A,N/A,N/A,N/A,N/A,N/A,N/A,N/A,N/A,N/A,N/A,N/A,N/A,N/A,N/A,N/A,N/A,N/A
1601,Moindou,113.0,168.0,91.0,148.0,152.0,67.0,82.0,124.0,177.0,160.0,200.0,79.0,134.0,93.0,182.0,174.0,152.0,164.0,101.0,73.0,103.0,85.0,65.0,58.0,69.0,75.0,73.0,87.0,70.0,66.0,85.0,128.0,163.0,158.0,N/A,83.0,69.0,78.0,78.0,173.0,131.0,69.0,63.0
1701,Yahoué Nord,189.0,84.0,10.0,224.0,228.0,118.0,158.0,40.0,252.0,236.0,276.0,106.0,50.0,169.0,258.0,250.0,228.0,240.0,176.0,149.0,179.0,149.0,129.0,122.0,120.0,108.0,85.0,98.0,48.0,44.0,63.0,44.0,239.0,234.0,N/A,97.0,145.0,125.0,142.0,90.0,207.0,133.0,127.0
1702,Yahoué Sud,189.0,83.0,9.0,224.0,228.0,118.0,157.0,39.0,252.0,236.0,276.0,106.0,49.0,168.0,258.0,249.0,228.0,239.0,176.0,148.0,178.0,149.0,129.0,122.0,120.0,107.0,85.0,98.0,48.0,44.0,62.0,44.0,238.0,233.0,N/A,97.0,145.0,125.0,142.0,89.0,207.0,133.0,127.0
1703,Pont des Français,189.0,82.0,8.0,224.0,228.0,118.0,157.0,37.0,252.0,236.0,276.0,106.0,48.0,168.0,258.0,249.0,228.0,239.0,176.0,148.0,178.0,149.0,129.0,122.0,120.0,107.0,85.0,98.0,47.0,44.0,62.0,42.0,238.0,233.0,N/A,96.0,145.0,125.0,142.0,87.0,207.0,133.0,127.0
1704,La Conception,191.0,80.0,10.0,226.0,230.0,120.0,160.0,36.0,254.0,238.0,278.0,108.0,46.0,171.0,260.0,252.0,230.0,242.0,178.0,151.0,181.0,151.0,131.0,124.0,122.0,110.0,87.0,100.0,50.0,46.0,65.0,41.0,241.0,236.0,N/A,99.0,147.0,128.0,144.0,86.0,209.0,135.0,129.0
1705,Robinson Nord,194.0,81.0,12.0,229.0,233.0,123.0,162.0,37.0,257.0,241.0,281.0,111.0,47.0,173.0,263.0,254.0,233.0,244.0,181.0,154.0,183.0,154.0,134.0,127.0,125.0,113.0,90.0,103.0,53.0,49.0,68.0,42.0,244.0,238.0,N/A,102.0,150.0,130.0,147.0,87.0,212.0,138.0,132.0
1706,Robinson Sud,192.0,79.0,10.0,227.0,231.0,121.0,160.0,35.0,255.0,239.0,279.0,109.0,45.0,171.0,261.0,252.0,231.0,242.0,179.0,151.0,181.0,152.0,132.0,125.0,123.0,110.0,88.0,101.0,51.0,47.0,66.0,39.0,242.0,236.0,N/A,100.0,148.0,128.0,145.0,84.0,210.0,136.0,130.0
1707,Boulari,193.0,77.0,11.0,228.0,232.0,122.0,161.0,33.0,256.0,240.0,280.0,110.0,43.0,172.0,262.0,253.0,232.0,243.0,180.0,152.0,182.0,153.0,133.0,126.0,124.0,111.0,89.0,102.0,51.0,48.0,66.0,37.0,242.0,237.0,N/A,100.0,149.0,129.0,146.0,82.0,211.0,137.0,131.0
1708,Saint Michel,194.0,76.0,12.0,228.0,233.0,123.0,162.0,31.0,257.0,241.0,281.0,110.0,42.0,173.0,263.0,254.0,233.0,244.0,181.0,153.0,183.0,154.0,134.0,127.0,125.0,112.0,90.0,103.0,52.0,49.0,67.0,36.0,243.0,238.0,N/A,101.0,150.0,130.0,147.0,81.0,212.0,137.0,132.0
1709,Saint Louis,197.0,73.0,15.0,232.0,236.0,126.0,166.0,29.0,260.0,244.0,284.0,114.0,39.0,177.0,266.0,258.0,236.0,247.0,184.0,157.0,186.0,157.0,137.0,130.0,128.0,116.0,93.0,106.0,56.0,52.0,71.0,33.0,247.0,242.0,N/A,105.0,153.0,133.0,150.0,78.0,215.0,141.0,135.0
1710,La Coulée Nord,202.0,69.0,20.0,236.0,241.0,131.0,170.0,25.0,265.0,249.0,289.0,118.0,35.0,181.0,271.0,262.0,241.0,252.0,189.0,161.0,191.0,162.0,142.0,135.0,133.0,120.0,98.0,111.0,60.0,57.0,75.0,29.0,251.0,246.0,N/A,109.0,158.0,138.0,155.0,74.0,220.0,145.0,140.0
1711,La Coulée Sud,204.0,68.0,22.0,238.0,243.0,133.0,172.0,24.0,267.0,250.0,291.0,120.0,34.0,183.0,273.0,264.0,242.0,254.0,191.0,163.0,193.0,164.0,143.0,137.0,135.0,122.0,99.0,113.0,62.0,58.0,77.0,29.0,253.0,248.0,N/A,111.0,160.0,140.0,156.0,74.0,221.0,147.0,142.0
1712,Vallon Dore,207.0,70.0,25.0,241.0,246.0,136.0,175.0,26.0,270.0,253.0,294.0,123.0,36.0,186.0,276.0,267.0,245.0,257.0,194.0,166.0,196.0,167.0,146.0,140.0,138.0,125.0,102.0,116.0,65.0,62.0,80.0,30.0,256.0,251.0,N/A,114.0,163.0,143.0,160.0,75.0,224.0,150.0,145.0
1713,Mont Dore Sud,211.0,65.0,29.0,246.0,250.0,140.0,179.0,21.0,274.0,258.0,298.0,128.0,31.0,190.0,280.0,271.0,250.0,261.0,198.0,170.0,200.0,171.0,151.0,144.0,142.0,129.0,107.0,120.0,69.0,66.0,84.0,25.0,260.0,255.0,N/A,118.0,167.0,147.0,164.0,70.0,229.0,155.0,149.0
1714,Plum,212.0,58.0,30.0,246.0,251.0,141.0,180.0,14.0,275.0,258.0,299.0,128.0,24.0,191.0,281.0,272.0,250.0,262.0,199.0,171.0,201.0,172.0,151.0,145.0,143.0,130.0,108.0,121.0,70.0,67.0,85.0,18.0,261.0,256.0,N/A,119.0,168.0,148.0,165.0,64.0,230.0,155.0,150.0
1715,Mouirange - Grand Sud - Ile Ouen,237.0,37.0,55.0,271.0,276.0,166.0,205.0,29.0,300.0,284.0,324.0,153.0,32.0,216.0,306.0,297.0,276.0,287.0,224.0,196.0,226.0,197.0,177.0,170.0,168.0,155.0,133.0,146.0,95.0,92.0,110.0,30.0,286.0,281.0,N/A,144.0,193.0,173.0,190.0,44.0,255.0,180.0,175.0
1716,Malaoui,205.0,74.0,23.0,239.0,244.0,134.0,173.0,30.0,268.0,251.0,292.0,121.0,40.0,184.0,274.0,265.0,243.0,255.0,192.0,164.0,194.0,165.0,144.0,138.0,136.0,123.0,100.0,114.0,63.0,59.0,78.0,34.0,254.0,249.0,N/A,112.0,161.0,141.0,157.0,80.0,222.0,148.0,143.0
1801,Val Plaisance Sud - Ouen Toro,198.0,94.0,10.0,233.0,237.0,128.0,167.0,50.0,262.0,245.0,285.0,115.0,60.0,178.0,268.0,259.0,237.0,249.0,186.0,158.0,188.0,159.0,138.0,132.0,129.0,117.0,94.0,107.0,57.0,53.0,72.0,54.0,248.0,243.0,N/A,106.0,154.0,135.0,151.0,99.0,216.0,142.0,137.0
1802,Val Plaisance Nord,198.0,93.0,9.0,232.0,236.0,127.0,166.0,48.0,261.0,244.0,284.0,114.0,59.0,177.0,267.0,258.0,236.0,248.0,185.0,157.0,187.0,158.0,137.0,131.0,128.0,116.0,93.0,106.0,56.0,52.0,71.0,53.0,247.0,242.0,N/A,105.0,153.0,134.0,150.0,98.0,215.0,141.0,136.0
1803,Anse Vata Est,197.0,93.0,9.0,231.0,236.0,126.0,165.0,49.0,260.0,244.0,284.0,113.0,59.0,176.0,266.0,257.0,236.0,247.0,184.0,156.0,186.0,157.0,137.0,130.0,128.0,115.0,93.0,106.0,55.0,52.0,70.0,53.0,246.0,241.0,N/A,104.0,153.0,133.0,150.0,98.0,215.0,140.0,135.0
1804,Anse Vata Ouest,197.0,93.0,9.0,232.0,236.0,126.0,165.0,49.0,260.0,244.0,284.0,114.0,59.0,176.0,266.0,257.0,236.0,247.0,184.0,156.0,186.0,157.0,137.0,130.0,128.0,115.0,93.0,106.0,56.0,52.0,71.0,53.0,246.0,241.0,N/A,105.0,153.0,133.0,150.0,98.0,215.0,141.0,135.0
1805,Baie des citrons,197.0,93.0,8.0,231.0,235.0,126.0,165.0,49.0,260.0,243.0,283.0,113.0,59.0,176.0,266.0,257.0,235.0,247.0,184.0,156.0,186.0,157.0,136.0,130.0,127.0,115.0,92.0,105.0,55.0,51.0,70.0,53.0,246.0,241.0,N/A,104.0,153.0,133.0,149.0,98.0,214.0,140.0,135.0
1806,Motor Pool - Receiving,196.0,92.0,8.0,230.0,235.0,125.0,164.0,48.0,259.0,243.0,283.0,112.0,58.0,175.0,265.0,256.0,235.0,246.0,183.0,155.0,185.0,156.0,136.0,129.0,127.0,114.0,92.0,105.0,54.0,51.0,69.0,52.0,245.0,240.0,N/A,103.0,152.0,132.0,149.0,97.0,214.0,139.0,134.0
1807,N'Géa,196.0,91.0,8.0,231.0,235.0,125.0,165.0,47.0,259.0,243.0,283.0,113.0,57.0,176.0,265.0,257.0,235.0,246.0,183.0,156.0,185.0,156.0,136.0,129.0,127.0,115.0,92.0,105.0,55.0,51.0,70.0,51.0,246.0,240.0,N/A,104.0,152.0,132.0,149.0,97.0,214.0,140.0,134.0
1808,Trianon,195.0,90.0,7.0,229.0,234.0,124.0,163.0,46.0,258.0,241.0,282.0,111.0,56.0,174.0,264.0,255.0,233.0,245.0,182.0,154.0,184.0,155.0,134.0,128.0,126.0,113.0,91.0,104.0,53.0,50.0,68.0,51.0,244.0,239.0,N/A,102.0,151.0,131.0,148.0,96.0,213.0,138.0,133.0
1809,Orphelinat,195.0,91.0,6.0,229.0,233.0,124.0,163.0,47.0,258.0,241.0,282.0,111.0,57.0,174.0,264.0,255.0,233.0,245.0,182.0,154.0,184.0,155.0,134.0,128.0,125.0,113.0,90.0,104.0,53.0,49.0,68.0,51.0,244.0,239.0,N/A,102.0,151.0,131.0,147.0,96.0,212.0,138.0,133.0
1810,Artillerie,194.0,90.0,6.0,229.0,233.0,123.0,163.0,46.0,257.0,241.0,281.0,111.0,56.0,173.0,263.0,254.0,233.0,244.0,181.0,154.0,183.0,154.0,134.0,127.0,125.0,113.0,90.0,103.0,53.0,49.0,68.0,51.0,244.0,238.0,N/A,102.0,150.0,130.0,147.0,96.0,212.0,138.0,132.0
1811,Faubourg Blanchot,194.0,90.0,6.0,229.0,233.0,123.0,163.0,46.0,257.0,241.0,281.0,111.0,56.0,174.0,263.0,255.0,233.0,245.0,182.0,154.0,184.0,154.0,134.0,127.0,125.0,113.0,90.0,103.0,53.0,49.0,68.0,50.0,244.0,239.0,N/A,102.0,150.0,131.0,147.0,95.0,212.0,138.0,133.0
1812,Quartier Latin - Vallée du Génie,193.0,89.0,5.0,228.0,232.0,122.0,162.0,45.0,256.0,240.0,280.0,110.0,55.0,173.0,262.0,254.0,232.0,244.0,180.0,153.0,183.0,153.0,133.0,126.0,124.0,112.0,89.0,102.0,52.0,48.0,67.0,50.0,243.0,238.0,N/A,101.0,149.0,130.0,146.0,95.0,211.0,137.0,131.0
1813,Vallée des Colons Sud Ouest,194.0,89.0,6.0,229.0,233.0,123.0,163.0,45.0,257.0,241.0,281.0,111.0,55.0,174.0,263.0,255.0,233.0,244.0,181.0,154.0,183.0,154.0,134.0,127.0,125.0,113.0,90.0,103.0,53.0,49.0,68.0,49.0,244.0,238.0,N/A,102.0,150.0,130.0,147.0,94.0,212.0,138.0,132.0
1814,Vallée des Colons Sud Est,195.0,88.0,7.0,229.0,233.0,124.0,163.0,44.0,258.0,241.0,281.0,111.0,54.0,174.0,264.0,255.0,233.0,245.0,182.0,154.0,184.0,155.0,134.0,128.0,125.0,113.0,90.0,103.0,53.0,49.0,68.0,49.0,244.0,239.0,N/A,102.0,150.0,131.0,147.0,94.0,212.0,138.0,133.0
1815,Magenta Ouest,194.0,87.0,7.0,228.0,232.0,123.0,162.0,43.0,257.0,240.0,281.0,110.0,53.0,173.0,263.0,254.0,232.0,244.0,181.0,153.0,183.0,154.0,133.0,127.0,124.0,112.0,89.0,103.0,52.0,48.0,67.0,48.0,243.0,238.0,N/A,101.0,150.0,130.0,146.0,93.0,211.0,137.0,132.0
1816,Magenta Tours,194.0,87.0,7.0,228.0,233.0,123.0,162.0,43.0,257.0,240.0,281.0,110.0,53.0,173.0,263.0,254.0,232.0,244.0,181.0,153.0,183.0,154.0,133.0,127.0,125.0,112.0,89.0,103.0,52.0,48.0,67.0,48.0,243.0,238.0,N/A,101.0,150.0,130.0,146.0,93.0,211.0,137.0,132.0
1817,Magenta Est,194.0,87.0,7.0,229.0,233.0,123.0,163.0,43.0,257.0,241.0,281.0,111.0,53.0,174.0,263.0,255.0,233.0,245.0,181.0,154.0,184.0,154.0,134.0,127.0,125.0,113.0,90.0,103.0,53.0,49.0,68.0,47.0,244.0,239.0,N/A,102.0,150.0,130.0,147.0,92.0,212.0,138.0,132.0
1818,Ouémo,196.0,88.0,9.0,230.0,235.0,125.0,164.0,44.0,259.0,242.0,283.0,112.0,54.0,175.0,265.0,256.0,234.0,246.0,183.0,155.0,185.0,156.0,135.0,129.0,127.0,114.0,91.0,105.0,54.0,51.0,69.0,49.0,245.0,240.0,N/A,103.0,152.0,132.0,149.0,94.0,213.0,139.0,134.0
1819,Haut Magenta,193.0,87.0,6.0,228.0,232.0,122.0,161.0,43.0,256.0,240.0,280.0,110.0,53.0,172.0,262.0,253.0,232.0,243.0,180.0,152.0,182.0,153.0,133.0,126.0,124.0,111.0,89.0,102.0,52.0,48.0,67.0,47.0,242.0,237.0,N/A,101.0,149.0,129.0,146.0,92.0,211.0,137.0,131.0
1820,Vallée des Colons Nord Est,193.0,88.0,5.0,228.0,232.0,123.0,162.0,44.0,257.0,240.0,280.0,110.0,54.0,173.0,262.0,254.0,232.0,244.0,181.0,153.0,183.0,154.0,133.0,126.0,124.0,112.0,89.0,102.0,52.0,48.0,67.0,48.0,243.0,238.0,N/A,101.0,149.0,130.0,146.0,93.0,211.0,137.0,132.0
1821,Vallée des Colons Nord Ouest,193.0,88.0,4.0,227.0,231.0,122.0,161.0,44.0,256.0,239.0,279.0,109.0,54.0,172.0,262.0,253.0,231.0,243.0,180.0,152.0,182.0,153.0,132.0,126.0,123.0,111.0,88.0,101.0,51.0,47.0,66.0,49.0,242.0,237.0,N/A,100.0,149.0,129.0,145.0,94.0,210.0,136.0,131.0
1822,Centre ville,192.0,89.0,4.0,227.0,231.0,122.0,161.0,45.0,256.0,239.0,279.0,109.0,55.0,172.0,261.0,253.0,231.0,243.0,180.0,152.0,182.0,153.0,132.0,125.0,123.0,111.0,88.0,101.0,51.0,47.0,66.0,49.0,242.0,237.0,N/A,100.0,148.0,129.0,145.0,94.0,210.0,136.0,131.0
1823,Nouville,196.0,93.0,8.0,231.0,235.0,125.0,165.0,49.0,259.0,243.0,283.0,113.0,59.0,176.0,265.0,257.0,235.0,247.0,183.0,156.0,186.0,156.0,136.0,129.0,127.0,115.0,92.0,105.0,55.0,51.0,70.0,53.0,246.0,241.0,N/A,104.0,152.0,133.0,149.0,98.0,214.0,140.0,135.0
1824,Vallée du Tir,191.0,88.0,3.0,226.0,230.0,120.0,160.0,43.0,254.0,238.0,278.0,108.0,54.0,171.0,260.0,252.0,230.0,242.0,178.0,151.0,181.0,151.0,131.0,124.0,122.0,110.0,87.0,100.0,50.0,46.0,65.0,48.0,241.0,236.0,N/A,99.0,147.0,128.0,144.0,93.0,209.0,135.0,130.0
1825,Doniambo - Montagne coupée - Montravel,191.0,87.0,2.0,225.0,230.0,120.0,159.0,43.0,254.0,237.0,278.0,107.0,53.0,170.0,260.0,251.0,229.0,241.0,178.0,150.0,180.0,151.0,130.0,124.0,122.0,109.0,87.0,100.0,49.0,46.0,64.0,47.0,240.0,235.0,N/A,98.0,147.0,127.0,144.0,92.0,209.0,134.0,129.0
1826,Portes de Fer - Sud,192.0,86.0,5.0,227.0,231.0,121.0,160.0,42.0,255.0,239.0,279.0,109.0,52.0,171.0,261.0,252.0,231.0,242.0,179.0,151.0,181.0,152.0,132.0,125.0,123.0,110.0,88.0,101.0,51.0,47.0,66.0,46.0,241.0,236.0,N/A,100.0,148.0,128.0,145.0,91.0,210.0,136.0,130.0
1827,Aérodrome Sud,193.0,85.0,6.0,227.0,232.0,122.0,161.0,41.0,256.0,239.0,280.0,109.0,51.0,172.0,262.0,253.0,231.0,243.0,180.0,152.0,182.0,153.0,132.0,126.0,124.0,111.0,88.0,102.0,51.0,47.0,66.0,46.0,242.0,237.0,N/A,100.0,149.0,129.0,145.0,91.0,210.0,136.0,131.0
1828,Portes de Fer - Nord,191.0,85.0,4.0,226.0,230.0,120.0,160.0,41.0,254.0,238.0,278.0,108.0,51.0,171.0,260.0,252.0,230.0,241.0,178.0,151.0,180.0,151.0,131.0,124.0,122.0,110.0,87.0,100.0,50.0,46.0,65.0,46.0,241.0,235.0,N/A,99.0,147.0,127.0,144.0,91.0,209.0,135.0,129.0
1829,PK 4,190.0,84.0,4.0,225.0,229.0,119.0,159.0,40.0,253.0,237.0,277.0,107.0,50.0,169.0,259.0,250.0,229.0,240.0,177.0,150.0,179.0,150.0,130.0,123.0,121.0,109.0,86.0,99.0,49.0,45.0,64.0,45.0,240.0,234.0,N/A,98.0,146.0,126.0,143.0,90.0,208.0,134.0,128.0
1830,Aérodrome Nord,192.0,84.0,6.0,226.0,231.0,121.0,160.0,40.0,255.0,238.0,279.0,108.0,50.0,171.0,261.0,252.0,230.0,242.0,179.0,151.0,181.0,152.0,131.0,125.0,123.0,110.0,87.0,101.0,50.0,47.0,65.0,45.0,241.0,236.0,N/A,99.0,148.0,128.0,145.0,90.0,210.0,135.0,130.0
1831,PK 6 Sud,192.0,84.0,6.0,227.0,231.0,121.0,160.0,40.0,255.0,239.0,279.0,108.0,50.0,171.0,261.0,252.0,231.0,242.0,179.0,151.0,181.0,152.0,132.0,125.0,123.0,110.0,88.0,101.0,50.0,47.0,65.0,45.0,241.0,236.0,N/A,99.0,148.0,128.0,145.0,90.0,210.0,135.0,130.0
1832,Zone industrielle Ducos,189.0,86.0,4.0,224.0,228.0,118.0,158.0,42.0,252.0,236.0,276.0,106.0,52.0,169.0,258.0,250.0,228.0,240.0,176.0,149.0,179.0,149.0,129.0,122.0,120.0,108.0,85.0,98.0,48.0,44.0,63.0,46.0,239.0,234.0,N/A,97.0,145.0,126.0,142.0,91.0,207.0,133.0,127.0
1833,Rivière Salée Sud,189.0,85.0,4.0,224.0,228.0,118.0,157.0,41.0,252.0,236.0,276.0,106.0,51.0,168.0,258.0,249.0,228.0,239.0,176.0,148.0,178.0,149.0,129.0,122.0,120.0,107.0,85.0,98.0,48.0,44.0,63.0,45.0,238.0,233.0,N/A,97.0,145.0,125.0,142.0,90.0,207.0,133.0,127.0
1834,PK 6 Nord,190.0,84.0,5.0,225.0,229.0,120.0,159.0,40.0,254.0,237.0,277.0,107.0,50.0,170.0,259.0,251.0,229.0,241.0,178.0,150.0,180.0,151.0,130.0,123.0,121.0,109.0,86.0,99.0,49.0,45.0,64.0,44.0,240.0,235.0,N/A,98.0,146.0,127.0,143.0,89.0,208.0,134.0,129.0
1835,Tina,190.0,82.0,8.0,225.0,229.0,119.0,159.0,38.0,253.0,237.0,277.0,107.0,48.0,170.0,259.0,251.0,229.0,241.0,178.0,150.0,180.0,150.0,130.0,123.0,121.0,109.0,86.0,99.0,49.0,45.0,64.0,42.0,240.0,235.0,N/A,98.0,146.0,127.0,143.0,87.0,208.0,134.0,129.0
1836,PK 7 Est,189.0,83.0,6.0,224.0,228.0,118.0,158.0,39.0,252.0,236.0,276.0,106.0,49.0,169.0,258.0,250.0,228.0,239.0,176.0,149.0,178.0,149.0,129.0,122.0,120.0,108.0,85.0,98.0,48.0,44.0,63.0,43.0,239.0,234.0,N/A,97.0,145.0,125.0,142.0,88.0,207.0,133.0,127.0
1837,PK 7 Ouest,189.0,82.0,7.0,223.0,227.0,118.0,157.0,38.0,252.0,235.0,276.0,105.0,48.0,168.0,258.0,249.0,227.0,239.0,176.0,148.0,178.0,149.0,128.0,122.0,119.0,107.0,84.0,98.0,47.0,43.0,62.0,43.0,238.0,233.0,N/A,96.0,145.0,125.0,141.0,88.0,206.0,132.0,127.0
1838,Rivière Salée Nord Est,189.0,84.0,6.0,224.0,228.0,118.0,158.0,40.0,252.0,236.0,276.0,106.0,50.0,169.0,258.0,250.0,228.0,240.0,176.0,149.0,178.0,149.0,129.0,122.0,120.0,108.0,85.0,98.0,48.0,44.0,63.0,45.0,239.0,234.0,N/A,97.0,145.0,125.0,142.0,90.0,207.0,133.0,127.0
1839,Normandie Sud,189.0,81.0,8.0,223.0,227.0,118.0,157.0,37.0,252.0,235.0,276.0,105.0,47.0,168.0,258.0,249.0,227.0,239.0,176.0,148.0,178.0,149.0,128.0,122.0,119.0,107.0,84.0,98.0,47.0,43.0,62.0,41.0,238.0,233.0,N/A,96.0,145.0,125.0,141.0,86.0,206.0,132.0,127.0
1840,Normandie Nord,188.0,82.0,7.0,223.0,227.0,117.0,157.0,38.0,251.0,235.0,275.0,105.0,48.0,168.0,257.0,249.0,227.0,239.0,175.0,148.0,178.0,148.0,128.0,121.0,119.0,107.0,84.0,97.0,47.0,43.0,62.0,42.0,238.0,233.0,N/A,96.0,144.0,125.0,141.0,87.0,206.0,132.0,126.0
1841,Rivière Salée Nord Ouest,188.0,85.0,5.0,223.0,227.0,118.0,157.0,41.0,252.0,235.0,275.0,105.0,51.0,168.0,258.0,249.0,227.0,239.0,176.0,148.0,178.0,149.0,128.0,122.0,119.0,107.0,84.0,97.0,47.0,43.0,62.0,46.0,238.0,233.0,N/A,96.0,144.0,125.0,141.0,91.0,206.0,132.0,127.0
1842,Ducos,192.0,89.0,6.0,227.0,231.0,122.0,161.0,45.0,256.0,239.0,279.0,109.0,55.0,172.0,261.0,253.0,231.0,243.0,180.0,152.0,182.0,152.0,132.0,125.0,123.0,111.0,88.0,101.0,51.0,47.0,66.0,49.0,242.0,237.0,N/A,100.0,148.0,129.0,145.0,95.0,210.0,136.0,131.0
1843,Logicoop,192.0,89.0,6.0,226.0,230.0,121.0,160.0,45.0,255.0,238.0,278.0,108.0,55.0,171.0,261.0,252.0,230.0,242.0,179.0,151.0,181.0,152.0,131.0,125.0,122.0,110.0,87.0,100.0,50.0,46.0,65.0,49.0,241.0,236.0,N/A,99.0,147.0,128.0,144.0,94.0,209.0,135.0,130.0
1844,Kaméré,191.0,88.0,6.0,226.0,230.0,120.0,160.0,44.0,254.0,238.0,278.0,108.0,54.0,171.0,260.0,252.0,230.0,242.0,178.0,151.0,181.0,151.0,131.0,124.0,122.0,110.0,87.0,100.0,50.0,46.0,65.0,49.0,241.0,236.0,N/A,99.0,147.0,128.0,144.0,94.0,209.0,135.0,129.0
1845,Tindu - Numbo - Koumourou,195.0,92.0,10.0,229.0,233.0,124.0,163.0,48.0,258.0,241.0,281.0,111.0,58.0,174.0,264.0,255.0,233.0,245.0,182.0,154.0,184.0,155.0,134.0,128.0,125.0,113.0,90.0,103.0,53.0,49.0,68.0,52.0,244.0,239.0,N/A,102.0,150.0,131.0,147.0,97.0,212.0,138.0,133.0
1901,Ouégoa village - Balagam - Paraoua - Tarap,86.0,346.0,269.0,56.0,60.0,248.0,163.0,302.0,55.0,43.0,57.0,260.0,312.0,142.0,39.0,52.0,57.0,72.0,150.0,156.0,212.0,217.0,232.0,240.0,250.0,256.0,252.0,265.0,248.0,245.0,263.0,306.0,46.0,41.0,N/A,264.0,153.0,259.0,217.0,352.0,99.0,240.0,237.0
1902,Pam - Tiari,99.0,359.0,282.0,69.0,73.0,261.0,175.0,315.0,68.0,56.0,70.0,273.0,325.0,155.0,52.0,65.0,70.0,84.0,162.0,169.0,225.0,230.0,245.0,252.0,263.0,269.0,265.0,278.0,261.0,257.0,276.0,319.0,59.0,54.0,N/A,276.0,166.0,272.0,230.0,364.0,112.0,252.0,250.0
1903,Bondé,85.0,345.0,268.0,55.0,60.0,248.0,162.0,301.0,54.0,43.0,56.0,259.0,311.0,141.0,38.0,51.0,57.0,71.0,149.0,155.0,211.0,216.0,231.0,239.0,249.0,255.0,251.0,264.0,248.0,244.0,263.0,306.0,45.0,40.0,N/A,263.0,152.0,258.0,216.0,351.0,98.0,239.0,236.0
2001,Saint Joseph Gossanah Takedji,N/A,N/A,N/A,N/A,N/A,N/A,N/A,N/A,N/A,N/A,N/A,N/A,N/A,N/A,N/A,N/A,N/A,N/A,N/A,N/A,N/A,N/A,N/A,N/A,N/A,N/A,N/A,N/A,N/A,N/A,N/A,N/A,N/A,N/A,N/A,N/A,N/A,N/A,N/A,N/A,N/A,N/A,N/A
2002,Fayaoué,N/A,N/A,N/A,N/A,N/A,N/A,N/A,N/A,N/A,N/A,N/A,N/A,N/A,N/A,N/A,N/A,N/A,N/A,N/A,N/A,N/A,N/A,N/A,N/A,N/A,N/A,N/A,N/A,N/A,N/A,N/A,N/A,N/A,N/A,N/A,N/A,N/A,N/A,N/A,N/A,N/A,N/A,N/A
2003,Mouli,N/A,N/A,N/A,N/A,N/A,N/A,N/A,N/A,N/A,N/A,N/A,N/A,N/A,N/A,N/A,N/A,N/A,N/A,N/A,N/A,N/A,N/A,N/A,N/A,N/A,N/A,N/A,N/A,N/A,N/A,N/A,N/A,N/A,N/A,N/A,N/A,N/A,N/A,N/A,N/A,N/A,N/A,N/A
2101,Païta centre,179.0,95.0,18.0,214.0,218.0,108.0,148.0,51.0,242.0,226.0,266.0,96.0,61.0,159.0,248.0,240.0,218.0,229.0,166.0,139.0,168.0,139.0,119.0,112.0,110.0,98.0,75.0,88.0,38.0,34.0,53.0,55.0,229.0,223.0,N/A,87.0,135.0,115.0,132.0,100.0,197.0,123.0,117.0
2102,Scheffleras,181.0,96.0,19.0,216.0,220.0,111.0,150.0,52.0,245.0,228.0,268.0,98.0,62.0,161.0,250.0,242.0,220.0,232.0,169.0,141.0,171.0,141.0,121.0,114.0,112.0,100.0,77.0,90.0,40.0,36.0,55.0,56.0,231.0,226.0,N/A,89.0,137.0,118.0,134.0,102.0,199.0,125.0,120.0
2103,Nogouta-Les 3 Vallées,182.0,95.0,18.0,217.0,221.0,111.0,151.0,51.0,245.0,229.0,269.0,99.0,61.0,162.0,251.0,243.0,221.0,233.0,169.0,142.0,172.0,142.0,122.0,115.0,113.0,101.0,78.0,91.0,41.0,37.0,56.0,56.0,232.0,227.0,N/A,90.0,138.0,119.0,135.0,101.0,200.0,126.0,120.0
2104,Ondémia Port Laguerre,178.0,97.0,20.0,212.0,217.0,107.0,146.0,53.0,241.0,224.0,265.0,94.0,63.0,157.0,247.0,238.0,216.0,228.0,165.0,137.0,167.0,138.0,118.0,111.0,109.0,96.0,74.0,87.0,36.0,33.0,51.0,57.0,227.0,222.0,N/A,85.0,134.0,114.0,131.0,102.0,196.0,121.0,116.0
2105,N'Dé Naniouni,182.0,103.0,25.0,216.0,221.0,111.0,150.0,59.0,245.0,229.0,269.0,98.0,69.0,161.0,251.0,242.0,221.0,232.0,169.0,141.0,171.0,142.0,122.0,115.0,113.0,100.0,78.0,91.0,40.0,37.0,55.0,63.0,231.0,226.0,N/A,89.0,138.0,118.0,135.0,108.0,200.0,125.0,120.0
2106,Tamoa Bangou Saint Laurent,169.0,104.0,27.0,204.0,208.0,98.0,137.0,60.0,232.0,216.0,256.0,86.0,70.0,148.0,238.0,229.0,208.0,219.0,156.0,129.0,158.0,129.0,109.0,102.0,100.0,88.0,65.0,78.0,28.0,24.0,43.0,64.0,219.0,213.0,N/A,77.0,125.0,105.0,122.0,109.0,187.0,113.0,107.0
2107,Tontouta Tiaré,173.0,114.0,37.0,207.0,212.0,102.0,141.0,70.0,236.0,220.0,260.0,89.0,80.0,152.0,242.0,233.0,212.0,223.0,160.0,132.0,162.0,133.0,113.0,106.0,104.0,91.0,69.0,82.0,31.0,28.0,46.0,74.0,222.0,217.0,N/A,80.0,129.0,109.0,126.0,119.0,191.0,116.0,111.0
2108,Mont Mou,185.0,100.0,23.0,220.0,224.0,114.0,153.0,56.0,248.0,232.0,272.0,102.0,66.0,164.0,254.0,245.0,224.0,235.0,172.0,145.0,174.0,145.0,125.0,118.0,116.0,104.0,81.0,94.0,44.0,40.0,59.0,60.0,235.0,229.0,N/A,93.0,141.0,121.0,138.0,105.0,203.0,129.0,123.0
2109,Humbolt,182.0,132.0,55.0,216.0,220.0,111.0,150.0,88.0,245.0,228.0,268.0,98.0,98.0,161.0,251.0,242.0,220.0,232.0,169.0,141.0,171.0,142.0,121.0,115.0,112.0,100.0,77.0,91.0,36.0,32.0,11.0,93.0,231.0,226.0,N/A,89.0,138.0,118.0,134.0,138.0,199.0,125.0,120.0
2110,Savannah - Nouré,181.0,93.0,16.0,215.0,220.0,110.0,149.0,49.0,244.0,227.0,268.0,97.0,59.0,160.0,250.0,241.0,220.0,231.0,168.0,140.0,170.0,141.0,121.0,114.0,112.0,99.0,77.0,90.0,39.0,36.0,54.0,54.0,230.0,225.0,N/A,88.0,137.0,117.0,134.0,99.0,199.0,124.0,119.0
2201,Poindimié village,76.0,290.0,213.0,111.0,115.0,147.0,111.0,246.0,139.0,123.0,163.0,158.0,256.0,98.0,145.0,136.0,115.0,126.0,105.0,112.0,59.0,76.0,91.0,114.0,148.0,154.0,175.0,201.0,193.0,189.0,208.0,251.0,125.0,120.0,N/A,171.0,109.0,157.0,76.0,296.0,94.0,99.0,96.0
2202,Tiéti - Tyé,73.0,298.0,221.0,108.0,112.0,157.0,115.0,254.0,136.0,120.0,160.0,168.0,264.0,95.0,142.0,134.0,112.0,123.0,103.0,109.0,69.0,86.0,101.0,124.0,159.0,165.0,186.0,211.0,200.0,196.0,215.0,258.0,123.0,118.0,N/A,181.0,106.0,168.0,87.0,303.0,91.0,109.0,107.0
2204,Tibarama - Bayes - Ouindo - Ometteux - Napoémien,84.0,285.0,208.0,118.0,123.0,141.0,105.0,241.0,147.0,130.0,171.0,152.0,251.0,105.0,153.0,144.0,122.0,134.0,113.0,114.0,53.0,71.0,85.0,108.0,143.0,149.0,170.0,195.0,187.0,183.0,202.0,245.0,133.0,128.0,N/A,165.0,110.0,152.0,71.0,290.0,101.0,93.0,91.0
2205,Goro Até - Goro Jé,99.0,289.0,212.0,133.0,138.0,146.0,109.0,245.0,162.0,145.0,186.0,158.0,255.0,120.0,168.0,159.0,137.0,149.0,128.0,117.0,59.0,77.0,91.0,114.0,148.0,154.0,174.0,200.0,191.0,187.0,206.0,249.0,148.0,143.0,N/A,170.0,113.0,157.0,77.0,294.0,117.0,99.0,97.0
2302,Ponérihouen village,108.0,262.0,185.0,143.0,147.0,118.0,90.0,218.0,171.0,155.0,195.0,130.0,228.0,112.0,177.0,169.0,147.0,159.0,120.0,101.0,30.0,48.0,63.0,86.0,120.0,126.0,147.0,173.0,165.0,161.0,180.0,223.0,158.0,153.0,N/A,143.0,97.0,129.0,48.0,268.0,126.0,71.0,68.0
2303,Goyetta - Goa - Nébouéba - St Yves,110.0,277.0,200.0,145.0,149.0,136.0,81.0,233.0,174.0,157.0,197.0,147.0,243.0,100.0,179.0,171.0,149.0,161.0,108.0,92.0,48.0,65.0,80.0,103.0,137.0,143.0,164.0,190.0,179.0,175.0,194.0,237.0,160.0,155.0,N/A,160.0,88.0,146.0,65.0,282.0,128.0,88.0,85.0
2306,Aoupinié - Goro Darawé,109.0,262.0,185.0,144.0,148.0,138.0,74.0,218.0,172.0,156.0,196.0,150.0,228.0,96.0,178.0,169.0,148.0,159.0,104.0,85.0,50.0,68.0,82.0,105.0,140.0,146.0,159.0,178.0,164.0,161.0,179.0,222.0,159.0,153.0,N/A,161.0,81.0,149.0,68.0,267.0,127.0,90.0,88.0
2401,Pouébo village - St Ferdinand - St Louis,105.0,365.0,288.0,75.0,79.0,267.0,182.0,321.0,74.0,62.0,76.0,279.0,331.0,161.0,58.0,71.0,76.0,91.0,169.0,175.0,231.0,236.0,251.0,259.0,269.0,275.0,271.0,284.0,267.0,264.0,282.0,325.0,65.0,60.0,N/A,283.0,172.0,278.0,236.0,371.0,118.0,259.0,256.0
2402,Tchamboëne - Diahoué - Colnett,126.0,386.0,309.0,96.0,100.0,288.0,202.0,342.0,95.0,83.0,97.0,300.0,352.0,182.0,79.0,92.0,97.0,111.0,189.0,196.0,252.0,257.0,271.0,279.0,290.0,296.0,291.0,305.0,288.0,284.0,303.0,346.0,86.0,81.0,N/A,303.0,192.0,299.0,257.0,391.0,139.0,279.0,277.0
2405,Massif du Panié - Mont Colnett,104.0,365.0,287.0,74.0,79.0,267.0,181.0,320.0,73.0,62.0,76.0,278.0,331.0,160.0,58.0,71.0,76.0,90.0,168.0,175.0,230.0,235.0,250.0,258.0,269.0,274.0,270.0,283.0,267.0,263.0,282.0,325.0,65.0,59.0,N/A,282.0,171.0,278.0,236.0,370.0,117.0,258.0,256.0
2501,Pouembout village,28.0,245.0,168.0,63.0,67.0,147.0,61.0,201.0,91.0,75.0,115.0,158.0,211.0,40.0,97.0,88.0,67.0,78.0,48.0,55.0,120.0,116.0,130.0,138.0,149.0,155.0,150.0,164.0,147.0,143.0,162.0,205.0,77.0,72.0,N/A,162.0,51.0,158.0,116.0,250.0,46.0,138.0,136.0
2503,Pindaï - Kopéto - Tamaon - Forêt plate,51.0,252.0,175.0,85.0,90.0,155.0,69.0,208.0,114.0,97.0,138.0,166.0,218.0,42.0,120.0,111.0,89.0,101.0,46.0,62.0,126.0,123.0,138.0,146.0,156.0,162.0,158.0,171.0,155.0,151.0,170.0,213.0,100.0,95.0,N/A,170.0,59.0,165.0,123.0,258.0,68.0,146.0,143.0
2601,Poum village - Titch,107.0,367.0,290.0,77.0,81.0,269.0,183.0,323.0,76.0,64.0,20.0,281.0,333.0,163.0,54.0,73.0,78.0,92.0,170.0,177.0,233.0,238.0,253.0,260.0,271.0,277.0,273.0,286.0,269.0,265.0,284.0,327.0,67.0,62.0,N/A,284.0,173.0,280.0,238.0,372.0,120.0,260.0,258.0
2603,Bouarou - Pangaï - Naraï,88.0,349.0,272.0,59.0,63.0,251.0,165.0,305.0,57.0,46.0,18.0,262.0,315.0,144.0,36.0,55.0,60.0,74.0,152.0,159.0,214.0,219.0,234.0,242.0,253.0,259.0,254.0,268.0,251.0,247.0,266.0,309.0,49.0,44.0,N/A,266.0,155.0,262.0,220.0,354.0,101.0,242.0,240.0
2701,Poya village,54.0,226.0,149.0,89.0,93.0,129.0,43.0,182.0,117.0,101.0,141.0,140.0,192.0,33.0,123.0,115.0,93.0,105.0,41.0,36.0,107.0,97.0,112.0,120.0,130.0,136.0,132.0,145.0,129.0,125.0,144.0,187.0,104.0,99.0,N/A,144.0,33.0,139.0,97.0,232.0,72.0,120.0,117.0
2705,Gohapin - Montfaoué - Nékliaï Kradji,73.0,231.0,154.0,108.0,112.0,133.0,31.0,187.0,136.0,120.0,160.0,145.0,197.0,53.0,142.0,134.0,112.0,124.0,61.0,36.0,85.0,78.0,93.0,113.0,135.0,141.0,137.0,150.0,134.0,130.0,149.0,192.0,123.0,118.0,N/A,149.0,33.0,144.0,78.0,237.0,91.0,101.0,98.0
2706,Poya Sud,69.0,212.0,134.0,103.0,108.0,114.0,36.0,168.0,132.0,115.0,156.0,125.0,178.0,48.0,138.0,129.0,107.0,119.0,56.0,26.0,92.0,82.0,97.0,105.0,116.0,122.0,117.0,131.0,114.0,110.0,129.0,172.0,118.0,113.0,N/A,129.0,23.0,125.0,83.0,217.0,86.0,105.0,103.0
2801,Sarraméa,124.0,163.0,86.0,159.0,163.0,51.0,92.0,119.0,187.0,171.0,211.0,63.0,129.0,103.0,193.0,184.0,163.0,174.0,111.0,83.0,99.0,69.0,49.0,42.0,53.0,59.0,68.0,82.0,66.0,62.0,81.0,124.0,173.0,168.0,N/A,74.0,80.0,62.0,62.0,169.0,142.0,53.0,47.0
2901,Thio village,171.0,161.0,84.0,206.0,210.0,39.0,140.0,117.0,234.0,218.0,258.0,27.0,127.0,151.0,240.0,232.0,210.0,222.0,158.0,131.0,133.0,104.0,84.0,77.0,41.0,29.0,12.0,38.0,64.0,60.0,79.0,122.0,221.0,216.0,N/A,18.0,127.0,47.0,97.0,167.0,189.0,88.0,82.0
2902,Thio,165.0,155.0,78.0,200.0,204.0,48.0,133.0,111.0,228.0,212.0,252.0,34.0,121.0,144.0,234.0,225.0,204.0,215.0,152.0,124.0,140.0,111.0,90.0,84.0,50.0,36.0,18.0,37.0,58.0,54.0,73.0,116.0,214.0,209.0,N/A,28.0,121.0,54.0,104.0,161.0,183.0,94.0,89.0
2906,Borendy,197.0,187.0,110.0,232.0,236.0,74.0,166.0,143.0,261.0,244.0,284.0,61.0,153.0,177.0,266.0,258.0,236.0,248.0,185.0,157.0,167.0,138.0,117.0,111.0,75.0,63.0,44.0,58.0,90.0,86.0,105.0,148.0,247.0,242.0,N/A,52.0,153.0,81.0,131.0,193.0,215.0,121.0,116.0
3001,Touho village,84.0,309.0,232.0,118.0,122.0,178.0,126.0,265.0,147.0,130.0,170.0,190.0,275.0,105.0,153.0,144.0,122.0,134.0,113.0,119.0,90.0,108.0,123.0,146.0,180.0,186.0,207.0,228.0,212.0,208.0,227.0,270.0,133.0,128.0,N/A,203.0,116.0,189.0,108.0,315.0,101.0,131.0,128.0
3003,Tiouandé - Ouanache - Congouma - Paola,99.0,325.0,248.0,133.0,137.0,194.0,142.0,281.0,156.0,139.0,179.0,206.0,291.0,121.0,162.0,153.0,136.0,148.0,129.0,135.0,106.0,124.0,139.0,161.0,196.0,202.0,223.0,244.0,227.0,224.0,242.0,285.0,142.0,137.0,N/A,218.0,132.0,205.0,124.0,330.0,117.0,147.0,144.0
3004,Koe - Kokingone - Tiwaka - Pombéi,64.0,290.0,213.0,99.0,103.0,164.0,106.0,246.0,127.0,111.0,151.0,176.0,256.0,86.0,133.0,124.0,103.0,114.0,93.0,100.0,76.0,94.0,109.0,131.0,166.0,172.0,191.0,209.0,192.0,189.0,207.0,250.0,113.0,108.0,N/A,188.0,97.0,175.0,94.0,295.0,82.0,116.0,114.0
3101,Voh village - Gatope,10.0,271.0,194.0,35.0,39.0,173.0,87.0,227.0,63.0,47.0,87.0,185.0,237.0,67.0,69.0,60.0,39.0,50.0,74.0,81.0,136.0,142.0,156.0,164.0,175.0,181.0,176.0,190.0,173.0,169.0,188.0,231.0,49.0,44.0,N/A,188.0,77.0,184.0,142.0,276.0,25.0,164.0,162.0
3103,Témala,26.0,286.0,209.0,24.0,28.0,189.0,103.0,242.0,52.0,36.0,76.0,200.0,253.0,82.0,58.0,49.0,28.0,39.0,90.0,97.0,152.0,157.0,172.0,180.0,190.0,196.0,192.0,205.0,189.0,185.0,204.0,247.0,38.0,33.0,N/A,204.0,93.0,199.0,158.0,292.0,39.0,180.0,178.0
3106,Tiéta,25.0,279.0,202.0,47.0,51.0,182.0,96.0,235.0,75.0,59.0,99.0,193.0,245.0,75.0,81.0,72.0,51.0,62.0,83.0,90.0,145.0,150.0,165.0,173.0,183.0,189.0,185.0,198.0,182.0,178.0,197.0,240.0,61.0,56.0,N/A,197.0,86.0,192.0,151.0,285.0,33.0,173.0,171.0
3201,Waho Touaourou Goro,255.0,33.0,73.0,290.0,294.0,184.0,224.0,62.0,318.0,302.0,342.0,172.0,65.0,235.0,324.0,316.0,294.0,306.0,242.0,215.0,245.0,215.0,195.0,188.0,186.0,174.0,151.0,164.0,114.0,110.0,129.0,63.0,305.0,300.0,N/A,163.0,211.0,192.0,208.0,37.0,273.0,199.0,193.0
3202,Unia,257.0,60.0,75.0,292.0,296.0,186.0,225.0,67.0,320.0,304.0,344.0,174.0,74.0,236.0,326.0,317.0,296.0,307.0,244.0,217.0,246.0,217.0,197.0,190.0,188.0,176.0,153.0,166.0,116.0,112.0,131.0,69.0,307.0,301.0,N/A,165.0,213.0,193.0,210.0,64.0,275.0,201.0,195.0
3203,Ouinné Pourina Plaine des lacs,247.0,44.0,66.0,282.0,286.0,177.0,216.0,49.0,311.0,294.0,334.0,164.0,52.0,227.0,316.0,308.0,286.0,298.0,235.0,207.0,237.0,208.0,187.0,180.0,178.0,166.0,143.0,156.0,106.0,102.0,121.0,50.0,297.0,292.0,4.0,155.0,203.0,184.0,200.0,46.0,265.0,191.0,186.0
3301,Kouaoua village - Amon Kasiori,157.0,200.0,123.0,191.0,196.0,56.0,106.0,156.0,220.0,203.0,244.0,68.0,166.0,136.0,226.0,217.0,195.0,207.0,144.0,116.0,64.0,35.0,14.0,23.0,58.0,64.0,85.0,111.0,103.0,99.0,118.0,161.0,206.0,201.0,N/A,80.0,112.0,67.0,27.0,206.0,175.0,17.0,12.0
3302,Méa Mébara - Ouérou Pimet,153.0,192.0,115.0,187.0,192.0,47.0,116.0,148.0,216.0,199.0,240.0,58.0,158.0,132.0,222.0,213.0,191.0,203.0,140.0,112.0,78.0,48.0,28.0,21.0,49.0,55.0,76.0,101.0,94.0,91.0,109.0,152.0,202.0,197.0,N/A,71.0,109.0,58.0,41.0,198.0,170.0,32.0,26.0
